"JGskm_SyoriId","JGskm_BranchNo","JGskm_CustomerNo","JGskm_KijyunNengetu","JGskm_ShinseiNo","JGskm_KasitukeNo","JGskm_Kamoku","JGskm_Riritu","JGskm_ShinseiDate","JGskm_ShinseiKigen","JGskm_TousyoJikkouDate","JGskm_Kijitu","JGskm_SyoninKigen","JGskm_KasitukeZandaka","JGskm_TousyoJikkouKingaku","JGskm_SikinSito","JGskm_HosyoMokuteki","JGskm_HensaiHouhou","JGskm_SyokaiHensaiDate","JGskm_SyokaiHensaigaku","JGskm_TotyukaiHensaigaku","JGskm_SaisyukaiHensaigaku","JGskm_HensaiSyuki","JGskm_EntaiGanpon","JGskm_EntaiKikan","JGskm_MondaiSaikenTokutei","JGskm_JoukenHenkou","JGskm_KjkKanwaSaiken","JGskm_KengenKubun","JGskm_HimotukiTanpo","JGskm_HimotukiHosyo","JGskm_Bikou","JGskm_Tokukasi1HendouKingaku","JGskm_Tokukasi1HendouJiyu","JGskm_Tokukasi1HendouComment","JGskm_Tokukasi2HendouKingaku","JGskm_Tokukasi2HendouJiyu","JGskm_Tokukasi2HendouComment","JGskm_Tokukasi3HendouKingaku","JGskm_Tokukasi3HendouJiyu","JGskm_Tokukasi3HendouComment","JGskm_Tokukasi4HendouKingaku","JGskm_Tokukasi4HendouJiyu","JGskm_Tokukasi4HendouComment","JGskm_Tokukasi1KoteiKingaku","JGskm_Tokukasi1KoteiJiyu","JGskm_Tokukasi1KoteiComment","JGskm_Tokukasi2KoteiKingaku","JGskm_Tokukasi2KoteiJiyu","JGskm_Tokukasi2KoteiComment","JGskm_Tokukasi3KoteiKingaku","JGskm_Tokukasi3KoteiJiyu","JGskm_Tokukasi3KoteiComment","JGskm_Tokukasi4KoteiKingaku","JGskm_Tokukasi4KoteiJiyu","JGskm_Tokukasi4KoteiComment","JGskm_Hosei","JGskm_LoanFlg","JGskm_SyohinCode","JGskm_TanpoCode","JGskm_RisokuDate","JGskm_KyokudoFlg","JGskm_BISShikibetsu1","JGskm_BISShikibetsu2","JGskm_SinkiTourokuDate","JGskm_SinkiTourokuUserNo","JGskm_LastUpdate","JGskm_UpdateUserNo"
"3000000000000024","001 ","0010001     ","201712",2001,2001,"KAMOKU01",1.00000,"20150101","20160101"," ","20160101"," ",1200000,,"SIKINSITO101","",""," ",,,,,,,,"","","","","","",,,,,,,,,,,,,,,,,,,,,,,,,0,0,"",""," ",,,,2018/03/05 11:38:58.980,"177001    ",2018/03/05 11:38:58.980,"177001"
"3000000000000025","001 ","0010002     ","201712",2002,20022,"KAMOKU01",1.20000,"1.20000"," ","20170721","20420731"," ",100000,100000,"SIKINSITO101","HOSYOMOKU520000","HENSAIHOUHOU4","20171231",281776,,0,1,,,0,"JYOUKEN1","","KENGEN2","UMU2","UMU2","",0,"","",0,"","",0,"","",0,"","",0,"","",0,"","",0,"","",0,"","",0,0,"14725","520000"," ",,"","",2018/03/05 11:57:08.457,"177001    ",2018/03/05 11:57:08.457,"177001"
"3000000000000026","001 ","0011234     ","201712",13300003003,17323523,"KAMOKU03",1.20000,"1.20000"," ","20170721","20420731"," ",72163642,73000000,"SIKINSITO239","HOSYOMOKU520000","HENSAIHOUHOU4","20171231",281776,,0,1,,,0,"JYOUKEN1","","KENGEN2","UMU2","UMU2","",0,"","",0,"","",0,"","",0,"","",0,"","",0,"","",0,"","",0,"","",0,0,"14725","520000"," ",,"","",2018/03/05 12:02:45.490,"177001    ",2018/03/05 12:02:45.490,"177001"
"3000000000000027","001 ","0010001     ","201712",2001,2001,"KAMOKU01",1.00000,"20150101","20160101"," ","20160101"," ",1200000,,"SIKINSITO101","",""," ",,,,,,,,"","","","","","",,,,,,,,,,,,,,,,,,,,,,,,,0,0,"",""," ",,,,2018/04/04 10:45:04.130,"177001    ",2018/04/04 10:45:04.130,"177001"
"3000000000000029","001 ","0010003     ","201803",3001,301,"KAMOKU01",1.00000,"20150101","20160101"," ","20160101"," ",1200000,,"SIKINSITO101","",""," ",,,,,,,,"","","","","","",,,,,,,,,,,,,,,,,,,,,,,,,0,0,"",""," ",,,,2018/04/04 12:00:23.720,"177001    ",2018/04/04 12:00:23.720,"177001"
"3000000000000030","001 ","0010003     ","201803",3001,301,"KAMOKU03",1.00000,"20150101","20160101","20170823","20170823","20170823",1200000,,"SIKINSITO107","HOSYOMOKU300000","HENSAIHOUHOU1","20171231",,,,,,,0,"JYOUKEN1","","KENGEN2","UMU2","UMU2","",0,"","",0,"","",0,"","",0,"","",0,"","",0,"","",0,"","",0,"","",1,0,"10912","1"," ",0,"","",2018/04/04 12:06:29.187,"177001    ",2018/04/04 12:08:45.960,"177001"
"3000000000000032","001 ","0010001     ","201803",2001,2001,"KAMOKU01",1.00000,"20150101","20160101","20170823","20160101","20170823",1200000,,"SIKINSITO101","HOSYOMOKU300000","HENSAIHOUHOU1","20171231",,,,,,,0,"JYOUKEN1","","KENGEN2","UMU2","UMU2","",0,"","",0,"","",0,"","",0,"","",0,"","",0,"","",0,"","",0,"","",0,0,"10912","1"," ",0,"","",2018/04/04 13:52:45.973,"0019999999",2018/04/04 13:52:45.973,"0019999999"
"3000000000000033","001 ","0010003     ","201803",3001,301,"KAMOKU03",1.00000,"20150101","20160101","20170823","20170823","20170823",1200000,,"SIKINSITO107","HOSYOMOKU300000","HENSAIHOUHOU1","20171231",,,,,,,0,"JYOUKEN1","","KENGEN2","UMU2","UMU2","",0,"","",0,"","",0,"","",0,"","",0,"","",0,"","",0,"","",0,"","",1,0,"10912","1"," ",0,"","",2018/05/21 10:01:12.260,"001       ",2018/05/21 10:01:12.260,"001"
"3000000000000033","001 ","0010003     ","201803",3002,301,"KAMOKU03",1.00000,"20150101","20160101","20170823","20170823","20170823",1200000,,"SIKINSITO244","HOSYOMOKU300000","HENSAIHOUHOU1","20171231",,,,,,,0,"JYOUKEN1","","KENGEN2","UMU2","UMU2","",0,"","",0,"","",0,"","",0,"","",0,"","",0,"","",0,"","",0,"","",1,0,"10912","1"," ",0,"","",2018/05/21 10:01:12,"001       ",2018/05/21 10:01:12,"001"
"3000000000000034","001 ","0015555     ","201803",5555,5555,"KAMOKU03",1.00000,"20150101","20160101","20170823","20170823","20170823",1200000,,"SIKINSITO107","HOSYOMOKU300000","HENSAIHOUHOU1","20171231",,,,,,,0,"JYOUKEN1","","KENGEN2","UMU2","UMU2","",0,"","",0,"","",0,"","",0,"","",0,"","",0,"","",0,"","",0,"","",1,0,"10912","1"," ",0,"","",2018/04/05 16:47:53.177,"177001    ",2018/04/05 16:48:10.947,"177001"
"3000000000000037","001 ","0010001     ","201803",2001,2001,"KAMOKU01",1.00000,"20150101","20160101","20170823","20160101","20170823",1200000,,"SIKINSITO101","HOSYOMOKU300000","HENSAIHOUHOU1","20171231",,,,,,,0,"JYOUKEN1","","KENGEN2","UMU2","UMU2","",0,"","",0,"","",0,"","",0,"","",0,"","",0,"","",0,"","",0,"","",0,1,"10912","1"," ",0,"","",2018/06/01 11:04:02.837,"001       ",2018/06/01 11:04:02.837,"001"
"3000000000000038","001 ","0010001     ","201803",2001,2001,"KAMOKU01",1.00000,"20150101","20160101","20170823","20160101","20170823",1200000,,"SIKINSITO101","HOSYOMOKU300000","HENSAIHOUHOU1","20171231",,,,,,,0,"JYOUKEN1","","KENGEN2","UMU2","UMU2","",0,"","",0,"","",0,"","",0,"","",0,"","",0,"","",0,"","",0,"","",1,1,"10912","1"," ",0,"","",2018/06/01 11:28:34.393,"001       ",2018/06/01 11:28:58.820,"001"
"3000000000000040","001 ","0010002     ","201803",2002,20022,"KAMOKU01",1.20000,"1.20000","20160101","20170721","20420731","20170823",100000,100000,"SIKINSITO101","HOSYOMOKU520000","HENSAIHOUHOU4","20171231",281776,,0,1,,,0,"JYOUKEN1","","KENGEN2","UMU2","UMU2","",0,"","",0,"","",0,"","",0,"","",0,"","",0,"","",0,"","",0,"","",0,0,"14725","1"," ",0,"","",2018/06/01 14:22:49.087,"001       ",2018/06/01 14:22:49.087,"001"
"3000000000000046","014 ","0140001     ","201809",900000000009001,1,"KAMOKU01",10.00000,"20170320",,,,,10000000,0,"SIKINSITO360",,," ",,,,,,,0,"JYOUKEN1",,"KENGEN1","UMU2","UMU2",,,,,,,,,,,,,,,,,,,,,,,,,,0,0,,,,,,,2021/06/10 17:00:35.720,"0000000001",2021/06/10 17:00:35.720,"0000000001"
"3000000000000047","014 ","0140001     ","201809",900000000009001,1,"KAMOKU01",10.00000,"20170320"," "," "," "," ",10000000,0,"SIKINSITO360","HOSYOMOKU100000",""," ",,,,,,,0,"JYOUKEN1","","KENGEN1","UMU2","UMU2","",,"","",,"","",,"","",,"","",,"","",,"","",,"","",,"","",1,0,,,,,,,2023/02/13 17:00:34.647,"0000000001",2023/07/18 11:44:59.483,"0000000001"
"3000000000000054","020 ","0202001     ","201810",900000000111014,111014,"KAMOKU03",0.00000,,,,,,10000000,10000000,"SIKINSITO499","HOSYOMOKU710002",,,,,,,,,0,"JYOUKEN1",,"KENGEN1","UMU2","UMU2","備考",0,,,0,,,0,,,0,,,0,,,0,,,0,,,0,,,0,0,,,,,,,2018/11/30 17:03:16.480,"20001     ",2018/11/30 17:03:16.480,"20001"
"3000000000000057","020 ","0205001     ","201811",900000000205001,1,"KAMOKU03",10.00000,"20170320",,,,,100000000,0,"SIKINSITO101",,," ",,,,,,,0,"JYOUKEN1",,"KENGEN1","UMU2","UMU2",,,,,,,,,,,,,,,,,,,,,,,,,,0,0,,,,,,,2018/12/11 9:22:11.867,"20001     ",2018/12/11 9:22:11.867,"20001"
"3000000000000093","020 ","0202201     ","201903",900000001202201,1,"KAMOKU01",10.00000,"20180320"," "," "," "," ",40000000,0,"SIKINSITO101","",""," ",,,,,,,0,"JYOUKEN1","","KENGEN1","UMU2","UMU2","",,"","",,"","",,"","",,"","",,"","",,"","",,"","",,"","",1,0,,,,,,,2019/04/16 14:20:44.220,"20001     ",2019/04/16 14:24:09.350,"20001"
"3000000000000093","020 ","0202201     ","201903",900000002202201,2,"KAMOKU02",10.00000,"20180320",,,,,40000000,0,"SIKINSITO101",,," ",,,,,,,0,"JYOUKEN1",,"KENGEN1","UMU2","UMU2",,,,,,,,,,,,,,,,,,,,,,,,,,0,0,,,,,,,2019/04/16 14:20:44.220,"20001     ",2019/04/16 14:20:44.220,"20001"
"3000000000000094","010 ","0111117     ","201903",900000001202207,1,"KAMOKU21",10.00000,"20180320",,,,,20000000,0,"SIKINSITO101",,," ",,,,,,,0,"JYOUKEN1",,"KENGEN1","UMU2","UMU2",,,,,,,,,,,,,,,,,,,,,,,,,,0,0,,,,,,,2019/04/16 14:32:30.527,"20001     ",2019/10/10 10:31:26.307,"TransferTr"
"3000000000000108","002 ","0020001     ","201106",1,8000001,"K_GAIKAYKAMOK01",0.00000,"0","0","0","0","0",0,0,"0","0","0","0",0,0,0,0,0,0,0,"0","0","0","0","0","0",0,"0","0",0,"0","0",0,"0","0",0,"0","0",0,"0","0",0,"0","0",0,"0","0",0,"0","0",1,0,"0","0","0",0,,,2019/05/20 14:47:11,"0020000001",2019/05/20 14:47:11,"0020000001"
"3000000000000109","002 ","0020002     ","201109",2,8000002,"K_GAIKAYKAMOK01",0.00000,"0","0","0","0","0",0,0,"0","0","0","0",0,0,0,0,0,0,0,"0","0","0","0","0","0",0,"0","0",0,"0","0",0,"0","0",0,"0","0",0,"0","0",0,"0","0",0,"0","0",0,"0","0",1,0,"0","0","0",0,,,2019/05/20 14:47:17,"0020000001",2019/05/20 14:47:17,"0020000001"
"3000000000000110","002 ","0020003     ","201112",3,8000003,"K_GAIKAYKAMOK01",0.00000,"0","0","0","0","0",0,0,"0","0","0","0",0,0,0,0,0,0,0,"0","0","0","0","0","0",0,"0","0",0,"0","0",0,"0","0",0,"0","0",0,"0","0",0,"0","0",0,"0","0",0,"0","0",1,0,"0","0","0",0,,,2019/05/20 14:47:21,"0020000001",2019/05/20 14:47:21,"0020000001"
"3000000000000113","002 ","0020006     ","201203",6,8000006,"K_GAIKAYKAMOK01",0.00000,"0","0","0","0","0",0,0,"0","0","0","0",0,0,0,0,0,0,0,"0","0","0","0","0","0",0,"0","0",0,"0","0",0,"0","0",0,"0","0",0,"0","0",0,"0","0",0,"0","0",0,"0","0",1,0,"0","0","0",0,,,2019/05/20 14:47:35,"0020000001",2019/05/20 14:47:35,"0020000001"
"3000000000000116","002 ","0020009     ","201201",9,8000009,"K_GAIKAYKAMOK01",0.00000,"0","0","0","0","0",0,0,"0","0","0","0",0,0,0,0,0,0,0,"0","0","0","0","0","0",0,"0","0",0,"0","0",0,"0","0",0,"0","0",0,"0","0",0,"0","0",0,"0","0",0,"0","0",1,0,"0","0","0",0,,,2019/05/20 14:47:56,"0020000001",2019/05/20 14:47:56,"0020000001"
"3000000000000117","002 ","0020010     ","201202",10,8000010,"K_GAIKAYKAMOK01",0.00000,"0","0","0","0","0",0,0,"0","0","0","0",0,0,0,0,0,0,0,"0","0","0","0","0","0",0,"0","0",0,"0","0",0,"0","0",0,"0","0",0,"0","0",0,"0","0",0,"0","0",0,"0","0",1,0,"0","0","0",0,,,2019/05/20 14:48:00,"0020000001",2019/05/20 14:48:00,"0020000001"
"3000000000000188","001 ","0010002     ","201702",2002,20022,"KAMOKU01",1.20000,"1.20000","20160101","20170721","20420731","20170823",100000,100000,"SIKINSITO101","HOSYOMOKU520000","HENSAIHOUHOU4","20171231",281776,,0,1,,,0,"JYOUKEN1","","KENGEN2","UMU2","UMU2","",0,"","",0,"","",0,"","",0,"","",0,"","",0,"","",0,"","",0,"","",0,0,"14725","1"," ",0,"","",2020/02/21 11:00:37.887,"0010000001",2020/02/21 11:00:37.887,"0010000001"
"3000000000000188","001 ","0010002     ","201702",900000000009001,1,"KAMOKU01",10.00000,"20170320",,,,,10000000,0,"SIKINSITO101",,," ",,,,,,,0,"JYOUKEN1",,"KENGEN1","UMU2","UMU2",,,,,,,,,,,,,,,,,,,,,,,,,,0,0,,,,,,,2020/02/21 11:00:37.887,"0010000001",2020/02/21 11:00:37.887,"0010000001"
"3000000000000189","001 ","0010001     ","201909",900000000009001,1,"KAMOKU01",10.00000,"20170320"," "," "," "," ",10000000,0,"SIKINSITO360","",""," ",,,,,,,0,"JYOUKEN1","","KENGEN1","UMU2","UMU2","",,"","",,"","",,"","",,"","",,"","",,"","",,"","",,"","",1,0,,,,,,,2020/02/21 14:02:03.750,"0010000001",2020/02/21 14:12:48.030,"0010000001"
"3000000000000190","001 ","0010002     ","201909",900000000009001,1,"KAMOKU01",10.00000,"20170320"," "," "," "," ",10000000,0,"SIKINSITO354","",""," ",,,,,,,0,"JYOUKEN1","","KENGEN1","UMU2","UMU2","",,"","",,"","",,"","",,"","",,"","",,"","",,"","",,"","",1,0,,,,,,,2020/02/21 14:29:54.770,"0010000001",2020/02/21 14:34:28.643,"0010000001"
"3000000000000192","001 ","0010001     ","202002",900000000009001,1,"KAMOKU01",10.00000,"20170320"," "," "," "," ",10000000,0,"SIKINSITO360","",""," ",,,,,,,0,"JYOUKEN1","","KENGEN1","UMU2","UMU2","",,"","",,"","",,"","",,"","",,"","",,"","",,"","",,"","",1,0,,,,,,,2020/02/21 14:02:03,"0010000001",2020/02/21 14:12:48,"0010000001"
"3000000000000193","001 ","0010002     ","202002",1001,19300001,"KAMOKU01",5.00000,"20190801","20190901","20190801","20190901","20190901",70000,4000,"SIKINSITO106","","HENSAIHOUHOU1","20190808",8000,9000,5000,12,12000,60,0,"JYOUKEN1","","KENGEN1","UMU1","UMU1","備考1",1000,"TOKUTEIHENDOU11","コメント1",,"","",,"","",,"","",,"","",,"","",,"","",,"","",1,0,,,,,,,2019/08/01 15:51:58,"0010000001",2019/12/11 11:21:37,"0010000001"
"3000000000000193","001 ","0010002     ","202002",1004,19300004,"KAMOKU05",8.00000," "," "," "," "," ",253000,,"SIKINSITO42","",""," ",,,,,,,0,"JYOUKEN1","","KENGEN0","UMU2","UMU2","",,"","",,"","",,"","",,"","",,"","",,"","",,"","",,"","",1,0,,,,,,,2019/08/01 16:14:10,"0010000001",2019/12/11 11:19:45,"0010000001"
"3000000000000194","001 ","0010001     ","202002",900000000009001,1,"KAMOKU01",10.00000,"20170320"," "," "," "," ",10000000,0,"SIKINSITO360","",""," ",,,,,,,0,"JYOUKEN1","","KENGEN1","UMU2","UMU2","",,"","",,"","",,"","",,"","",,"","",,"","",,"","",,"","",1,0,,,,,,,2020/03/12 12:38:16.093,"0000000001",2020/03/12 12:38:16.093,"0000000001"
"3000000000000195","001 ","0010002     ","202002",1001,19300001,"KAMOKU01",5.00000,"20190801","20190901","20190801","20190901","20190901",70000,4000,"SIKINSITO106","","HENSAIHOUHOU1","20190808",8000,9000,5000,12,12000,60,0,"JYOUKEN1","","KENGEN1","UMU1","UMU1","備考1",1000,"TOKUTEIHENDOU11","コメント1",,"","",,"","",,"","",,"","",,"","",,"","",,"","",1,0,,,,,,,2020/03/12 13:31:55.227,"0000000001",2020/03/12 13:31:55.227,"0000000001"
"3000000000000195","001 ","0010002     ","202002",1002,19300002,"KAMOKU92",7.00000,"20190801","20190902","20190802","20191001","20191201",450000,130000,"SIKINSITO101","","HENSAIHOUHOU2","20191003",30000,40000,50000,10,730000,40,1,"JYOUKEN1","","KENGEN1","UMU2","UMU2","備考2",25000,"TOKUTEIHENDOU11","コメント01",14000,"TOKUTEIHENDOU24","コメント02",,"","",,"","",,"","",,"","",,"","",,"","",1,1,,,,,,,2019/08/01 16:06:31,"0010000001",2019/12/11 11:19:22,"0010000001"
"3000000000000195","001 ","0010002     ","202002",1003,1930003,"KAMOKU92",3.00000," "," "," "," "," ",770000,,"SIKINSITO104","",""," ",,,,,,,0,"JYOUKEN1","","KENGEN1","UMU2","UMU2","",,"","",,"","",,"","",,"","",,"","",,"","",,"","",,"","",1,0,,,,,,,2019/08/01 16:09:57,"0010000001",2019/12/11 11:19:45,"0010000001"
"3000000000000195","001 ","0010002     ","202002",1004,19300004,"KAMOKU05",8.00000," "," "," "," "," ",253000,,"SIKINSITO42","",""," ",,,,,,,0,"JYOUKEN1","","KENGEN0","UMU2","UMU2","",,"","",,"","",,"","",,"","",,"","",,"","",,"","",,"","",1,0,,,,,,,2020/03/12 13:31:55.227,"0000000001",2020/03/12 13:31:55.227,"0000000001"
"3000000000000196","001 ","0010010     ","202002",1001,19300001,"KAMOKU42",5.00000,"20190801","20190901","20190801","20190901","20190901",70000,4000,"SIKINSITO12","HOSYOMOKUTEKI01","HENSAIHOUHOU1","20190808",8000,9000,5000,12,12000,60,0,"JYOUKEN1","KASIDASIJYOKE01","KENGEN0","UMU1","UMU1","備考1",1000,"TOKUTEIHENDOU11","コメント1",,"","",,"","",,"","",,"","",,"","",,"","",,"","",1,0,,,,,,,2019/12/12 14:40:16,"0010000001",2019/12/12 14:40:16,"0010000001"
"3000000000000196","001 ","0010010     ","202002",1002,19300002,"KAMOKU92",7.00000,"20190801","20190902","20190802","20191001","20191201",450000,130000,"SIKINSITO13","HOSYOMOKUTEKI02","HENSAIHOUHOU2","20191003",30000,40000,50000,10,730000,40,1,"JYOUKEN1","KASIDASIJYOKE03","KENGEN0","UMU2","UMU2","備考2",,,,,,,,,,,,,,,,,,,,,,,,,1,1,,,,,,,2019/12/12 14:42:17,"0000000001",2019/12/12 14:42:17,"0000000001"
"3000000000000196","001 ","0010010     ","202002",1003,1930003,"KAMOKU92",3.00000," "," "," "," "," ",770000,,"SIKINSITO14","",""," ",,,,,,,0,"JYOUKEN1","","KENGEN0","UMU2","UMU2","",,,,,,,,,,,,,,,,,,,,,,,,,1,0,,,,,,,2019/12/12 14:42:17,"0000000001",2019/12/12 14:42:17,"0000000001"
"3000000000000196","001 ","0010010     ","202002",1004,19300004,"KAMOKU05",8.00000," "," "," "," "," ",253000,,"SIKINSITO42","",""," ",,,,,,,0,"JYOUKEN1","","KENGEN0","UMU2","UMU2","",,"","",,"","",,"","",,"","",,"","",,"","",,"","",,"","",1,0,,,,,,,2019/12/12 14:40:16,"0010000001",2019/12/12 14:40:16,"0010000001"
"3000000000000196","001 ","0010010     ","202002",1005,19300005,"KAMOKU92",10.00000," "," "," "," "," ",745000,,"SIKINSITO14","",""," ",,,,,12000,,0,"JYOUKEN1","KASIDASIJYOKE02","KENGEN0","UMU1","UMU2","",,"","",,"","",,"","",,"","",,"","",,"","",,"","",,"","",1,1,,,,,,,2019/08/02 13:35:44,"0010000001",2019/08/02 13:35:44,"0010000001"
"3000000000000197","001 ","0010009     ","202002",1001,19300001,"KAMOKU42",5.00000,"20190801","20190901","20190801","20190901","20190901",70000,4000,"SIKINSITO12","HOSYOMOKUTEKI01","HENSAIHOUHOU1","20190808",8000,9000,5000,12,12000,60,0,"JYOUKEN1","KASIDASIJYOKE01","KENGEN0","UMU1","UMU1","備考1",1000,"TOKUTEIHENDOU11","コメント1",,"","",,"","",,"","",,"","",,"","",,"","",,"","",1,0,,,,,,,2019/12/13 15:02:34,"0010000001",2019/12/13 15:02:34,"0010000001"
"3000000000000197","001 ","0010009     ","202002",1002,19300002,"KAMOKU92",7.00000,"20190801","20190902","20190802","20191001","20191201",450000,130000,"SIKINSITO13","HOSYOMOKUTEKI02","HENSAIHOUHOU2","20191003",30000,40000,50000,10,730000,40,1,"JYOUKEN1","KASIDASIJYOKE03","KENGEN0","UMU2","UMU2","備考2",,,,,,,,,,,,,,,,450000,,,,,,,,,1,1,,,,,,,2019/12/13 15:02:34,"0010000001",2019/12/13 15:02:34,"0010000001"
"3000000000000197","001 ","0010009     ","202002",1005,19300005,"KAMOKU89",10.00000," "," "," "," "," ",745000,,"SIKINSITO14","",""," ",,,,,12000,,0,"JYOUKEN1","KASIDASIJYOKE02","KENGEN0","UMU1","UMU2","",,,,,,,,,,,,,,,,745000,,,,,,,,,1,1,,,,,,,2019/12/13 15:02:34,"0010000001",2019/12/13 15:02:34,"0010000001"
"3000000000000198","001 ","0010008     ","202002",1001,19300001,"KAMOKU42",5.00000,"20190801","20190901","20190801","20190901","20190901",70000,4000,"SIKINSITO12","HOSYOMOKUTEKI01","HENSAIHOUHOU1","20190808",8000,9000,5000,12,12000,60,0,"JYOUKEN1","KASIDASIJYOKE01","KENGEN0","UMU1","UMU1","備考1",1000,"TOKUTEIHENDOU11","コメント1",,"","",,"","",,"","",,"","",,"","",,"","",,"","",1,0,,,,,,,2019/12/13 15:02:34,"0010000001",2019/12/13 15:02:34,"0010000001"
"3000000000000198","001 ","0010008     ","202002",1002,19300002,"KAMOKU92",7.00000,"20190801","20190902","20190802","20191001","20191201",450000,130000,"SIKINSITO13","HOSYOMOKUTEKI02","HENSAIHOUHOU2","20191003",30000,40000,50000,10,730000,40,1,"JYOUKEN1","KASIDASIJYOKE03","KENGEN0","UMU2","UMU2","備考2",,,,,,,,,,,,,,,,450000,,,,,,,,,1,1,,,,,,,2019/12/13 15:02:34,"0010000001",2019/12/13 15:02:34,"0010000001"
"3000000000000198","001 ","0010008     ","202002",1005,19300005,"KAMOKU89",10.00000," "," "," "," "," ",745000,,"SIKINSITO14","",""," ",,,,,12000,,0,"JYOUKEN1","KASIDASIJYOKE02","KENGEN0","UMU1","UMU2","",,,,,,,,,,,,,,,,745000,,,,,,,,,1,1,,,,,,,2019/12/13 15:02:34,"0010000001",2019/12/13 15:02:34,"0010000001"
"3000000000000199","001 ","0010007     ","202002",1001,19300001,"KAMOKU42",5.00000,"20190801","20190901","20190801","20190901","20190901",70000,4000,"SIKINSITO12","HOSYOMOKUTEKI01","HENSAIHOUHOU1","20190808",8000,9000,5000,12,12000,60,0,"JYOUKEN1","KASIDASIJYOKE01","KENGEN0","UMU1","UMU1","備考1",1000,"TOKUTEIHENDOU11","コメント1",,"","",,"","",,"","",,"","",,"","",,"","",,"","",1,0,,,,,,,2019/12/13 15:02:34,"0010000001",2019/12/13 15:02:34,"0010000001"
"3000000000000199","001 ","0010007     ","202002",1002,19300002,"KAMOKU92",7.00000,"20190801","20190902","20190802","20191001","20191201",450000,130000,"SIKINSITO13","HOSYOMOKUTEKI02","HENSAIHOUHOU2","20191003",30000,40000,50000,10,730000,40,1,"JYOUKEN1","KASIDASIJYOKE03","KENGEN0","UMU2","UMU2","備考2",,,,,,,,,,,,,,,,450000,,,,,,,,,1,1,,,,,,,2019/12/13 15:02:34,"0010000001",2019/12/13 15:02:34,"0010000001"
"3000000000000199","001 ","0010007     ","202002",1005,19300005,"KAMOKU89",10.00000," "," "," "," "," ",745000,,"SIKINSITO14","",""," ",,,,,12000,,0,"JYOUKEN1","KASIDASIJYOKE02","KENGEN0","UMU1","UMU2","",,,,,,,,,,,,,,,,745000,,,,,,,,,1,1,,,,,,,2019/12/13 15:02:34,"0010000001",2019/12/13 15:02:34,"0010000001"
"3000000000000202","511 ","5511011     ","201908",1005,19300005,"KAMOKU01",10.00000," "," "," "," "," ",745000,,"SIKINSITO103","",""," ",,,,,12000,,0,"JYOUKEN1","","KENGEN1","UMU1","UMU2","",,"","",,"","",,"","",,"","",,"","",745000,"","",,"","",,"","",1,1,,,,,,,2019/12/13 15:02:34,"0010000001",2020/04/17 9:03:16.537,"0000000001"
"3000000000000204","511 ","5511011     ","201908",1005,19300005,"KAMOKU01",10.00000," "," "," "," "," ",745000,,"SIKINSITO103","",""," ",,,,,12000,,0,"JYOUKEN1","","KENGEN1","UMU1","UMU2","",,"","",,"","",,"","",,"","",,"","",745000,"","",,"","",,"","",1,1,,,,,,,2019/12/13 15:02:34,"0010000001",2020/04/17 9:03:16,"0000000001"
"3000000000000212","001 ","0010001     ","202003",900000000009001,1,"KAMOKU01",10.00000,"20170320",,,,,10000000,0,"SIKINSITO101",,," ",,,,,,,0,"JYOUKEN1",,"KENGEN1","UMU2","UMU2",,,,,,,,,,,,,,,,,,,,,,,,,,0,0,,,,,,,2020/04/20 18:27:14.570,"0000000001",2020/04/20 18:27:14.570,"0000000001"
"3000000000000213","001 ","0010001     ","202003",900000000009001,1,"KAMOKU01",10.00000,"20170320",,,,,10000000,0,"SIKINSITO101",,," ",,,,,,,0,"JYOUKEN1",,"KENGEN1","UMU2","UMU2",,,,,,,,,,,,,,,,,,,,,,,,,,0,0,,,,,,,2023/06/21 16:07:28.133,"0000000001",2023/06/21 16:07:28.133,"0000000001"
"3000000000000214","001 ","0010004     ","202003",900000000009001,1,"KAMOKU01",10.00000,"20170320",,,,,10000000,0,"SIKINSITO101",,," ",,,,,,,0,"JYOUKEN1",,"KENGEN1","UMU2","UMU2",,,,,,,,,,,,,,,,,,,,,,,,,,0,0,,,,,,,2020/04/20 19:05:13.013,"0000000001",2020/04/20 19:05:13.013,"0000000001"
"3000000000000215","001 ","0010005     ","202003",900000000009001,1,"KAMOKU01",10.00000,"20170320",,,,,10000000,0,"SIKINSITO101",,," ",,,,,,,0,"JYOUKEN1",,"KENGEN1","UMU2","UMU2",,,,,,,,,,,,,,,,,,,,,,,,,,0,0,,,,,,,2020/04/20 19:05:07.900,"0000000001",2020/04/20 19:05:07.900,"0000000001"
"3000000000000216","001 ","0010006     ","202003",900000000009001,1,"KAMOKU01",10.00000,"20170320",,,,,10000000,0,"SIKINSITO101",,," ",,,,,,,0,"JYOUKEN1",,"KENGEN1","UMU2","UMU2",,,,,,,,,,,,,,,,,,,,,,,,,,0,0,,,,,,,2020/04/20 19:04:30.160,"0000000001",2020/04/20 19:04:30.160,"0000000001"
"3000000000000217","002 ","2220011     ","202003",900000000009001,1,"KAMOKU01",10.00000,"20170320",,,,,10000000,0,"SIKINSITO101",,," ",,,,,,,0,"JYOUKEN1",,"KENGEN1","UMU2","UMU2",,,,,,,,,,,,,,,,,,,,,,,,,,0,0,,,,,,,2020/04/20 19:04:44.647,"0000000001",2025/07/08 15:30:57.387,"TransferTr"
"3000000000000218","002 ","0020011     ","202003",900000000009001,1,"KAMOKU01",10.00000,"20170320",,,,,10000000,0,"SIKINSITO101",,," ",,,,,,,0,"JYOUKEN1",,"KENGEN1","UMU2","UMU2",,,,,,,,,,,,,,,,,,,,,,,,,,0,0,,,,,,,2020/04/20 19:39:49.767,"0000000001",2025/03/11 14:56:25.267,"TransferTr"
"3000000000000219","001 ","0010014     ","202003",900000000009001,1,"KAMOKU01",10.00000,"20170320",,,,,10000000,0,"SIKINSITO101",,," ",,,,,,,0,"JYOUKEN1",,"KENGEN1","UMU2","UMU2",,,,,,,,,,,,,,,,,,,,,,,,,,0,0,,,,,,,2020/04/20 19:52:04.747,"0000000001",2020/04/20 19:52:04.747,"0000000001"
"3000000000000220","001 ","0010014     ","202003",900000000009001,1,"KAMOKU01",10.00000,"20170320",,,,,10000000,0,"SIKINSITO101",,," ",,,,,,,0,"JYOUKEN1",,"KENGEN1","UMU2","UMU2",,,,,,,,,,,,,,,,,,,,,,,,,,0,0,,,,,,,2020/04/21 9:59:21.083,"0000000001",2020/04/21 9:59:21.083,"0000000001"
"3000000000000221","002 ","2220012     ","202003",900000000009001,1,"KAMOKU01",10.00000,"20170320",,,,,10000000,0,"SIKINSITO101",,," ",,,,,,,0,"JYOUKEN1",,"KENGEN1","UMU2","UMU2",,,,,,,,,,,,,,,,,,,,,,,,,,0,0,,,,,,,2020/04/21 10:10:25.850,"0000000001",2025/07/08 14:20:26.423,"TransferTr"
"3000000000000412","010 ","0105001     ","201812",900000000009001,1,"KAMOKU01",10.00000,"20170320"," "," "," "," ",10000000,0,"SIKINSITO101","HOSYOMOKU611018",""," ",,,,,,,1,"JYOUKEN1","","KENGEN1","UMU2","UMU2","テスト",,"","",,"","",,"","",,"","",,"","",,"","",,"","",,"","",1,0,,,,,,,2020/07/08 16:59:52.920,"0000000001",2025/10/29 15:23:10.107,"0000000001"
"3000000000000412","010 ","0105001     ","201812",900000000009002,1,"KAMOKU01",10.00000,"20170320",,,,,10000000,0,"SIKINSITO101","HOSYOMOKU611023",," ",,,,,,,0,"JYOUKEN1",,"KENGEN1","UMU2","UMU2",,,,,,,,,,,,,,,,,,,,,,,,,,0,0,,,,,,,2020/07/08 16:59:52.920,"0000000001",2020/07/08 16:59:52.920,"0000000001"
"3000000000000412","010 ","0105001     ","201812",900000000009003,1,"KAMOKU01",10.00000,"20170320",,,,,10000000,0,"SIKINSITO101","HOSYOMOKU611023",," ",,,,,,,0,"JYOUKEN1",,"KENGEN1","UMU2","UMU2",,,,,,,,,,,,,,,,,,,,,,,,,,0,0,,,,,,,2020/07/08 16:59:52.920,"0000000001",2020/07/08 16:59:52.920,"0000000001"
"3000000000000412","010 ","0105001     ","201812",900000000009004,1,"KAMOKU01",10.00000,"20170320",,,,,10000000,0,"SIKINSITO101","HOSYOMOKU611023",," ",,,,,,,0,"JYOUKEN1",,"KENGEN1","UMU2","UMU2",,,,,,,,,,,,,,,,,,,,,,,,,,0,0,,,,,,,2020/07/08 16:59:52.920,"0000000001",2020/07/08 16:59:52.920,"0000000001"
"3000000000000412","010 ","0105001     ","201812",900000000009005,1,"KAMOKU01",10.00000,"20170320",,,,,10000000,0,"SIKINSITO101","HOSYOMOKU611023",," ",,,,,,,0,"JYOUKEN1",,"KENGEN1","UMU2","UMU2",,,,,,,,,,,,,,,,,,,,,,,,,,0,0,,,,,,,2020/07/08 16:59:52.920,"0000000001",2020/07/08 16:59:52.920,"0000000001"
"3000000000000412","010 ","0105001     ","201812",900000000009006,1,"KAMOKU01",10.00000,"20170320",,,,,10000000,0,"SIKINSITO101","HOSYOMOKU611023",," ",,,,,,,0,"JYOUKEN1",,"KENGEN1","UMU2","UMU2",,,,,,,,,,,,,,,,,,,,,,,,,,0,0,,,,,,,2020/07/08 16:59:52.920,"0000000001",2020/07/08 16:59:52.920,"0000000001"
"3000000000000412","010 ","0105001     ","201812",900000000009007,1,"KAMOKU01",10.00000,"20170320",,,,,10000000,0,"SIKINSITO101","HOSYOMOKU611023",," ",,,,,,,0,"JYOUKEN1",,"KENGEN1","UMU2","UMU2",,,,,,,,,,,,,,,,,,,,,,,,,,0,0,,,,,,,2020/07/08 16:59:52.920,"0000000001",2020/07/08 16:59:52.920,"0000000001"
"3000000000000412","010 ","0105001     ","201812",900000000009008,1,"KAMOKU01",10.00000,"20170320",,,,,10000000,0,"SIKINSITO101","HOSYOMOKU611023",," ",,,,,,,0,"JYOUKEN1",,"KENGEN1","UMU2","UMU2",,,,,,,,,,,,,,,,,,,,,,,,,,0,0,,,,,,,2020/07/08 16:59:52.920,"0000000001",2020/07/08 16:59:52.920,"0000000001"
"3000000000000412","010 ","0105001     ","201812",900000000009009,1,"KAMOKU01",10.00000,"20170320",,,,,10000000,0,"SIKINSITO101","HOSYOMOKU611023",," ",,,,,,,0,"JYOUKEN1",,"KENGEN1","UMU2","UMU2",,,,,,,,,,,,,,,,,,,,,,,,,,0,0,,,,,,,2020/07/08 16:59:52.920,"0000000001",2020/07/08 16:59:52.920,"0000000001"
"3000000000000412","010 ","0105001     ","201812",900000000009010,1,"KAMOKU01",10.00000,"20170320",,,,,10000000,0,"SIKINSITO101","HOSYOMOKU611023",," ",,,,,,,0,"JYOUKEN1",,"KENGEN1","UMU2","UMU2",,,,,,,,,,,,,,,,,,,,,,,,,,0,0,,,,,,,2020/07/08 16:59:52.920,"0000000001",2020/07/08 16:59:52.920,"0000000001"
"3000000000000418","310 ","3100511     ","201803",900000000009001,1,"KAMOKU01",10.00000,"20170320",,,,,10000000,0,"SIKINSITO360",,," ",,,,,,,0,"JYOUKEN1",,"KENGEN1","UMU2","UMU2",,,,,,,,,,,,,,,,,,,,,,,,,,0,0,,,,,,,2021/06/10 17:00:35.720,"0000000001",2021/06/10 17:00:35.720,"0000000001"
"3000000000000420","310 ","3100541     ","202105",900000000009001,1,"KAMOKU01",10.00000,"20170320",,,,,10000000,0,"SIKINSITO360",,," ",,,,,,,0,"JYOUKEN1",,"KENGEN1","UMU2","UMU2",,,,,,,,,,,,,,,,,,,,,,,,,,0,0,,,,,,,2021/06/07 13:24:55.303,"0000000001",2021/06/07 13:24:55.303,"0000000001"
"3000000000000422","310 ","3100511     ","202105",900000000009001,1,"KAMOKU01",10.00000,"20170320",,,,,10000000,0,"SIKINSITO360",,," ",,,,,,,0,"JYOUKEN1",,"KENGEN1","UMU2","UMU2",,,,,,,,,,,,,,,,,,,,,,,,,,0,0,,,,,,,2021/06/10 17:00:35.720,"0000000001",2021/06/10 17:00:35.720,"0000000001"
"3000000000000448","001 ","0010002     ","202307",90021,1,"KAMOKU02",10.00000,"20170320",,,,,10000000,0,"SIKINSITO112",,," ",,,,,,,0,"JYOUKEN1",,"KENGEN1","UMU2","UMU2",,,,,,,,,,,,,,,,,,,,,,,,,,0,0,,,,,,,2024/03/22 16:54:55.367,"0000000001",2024/03/22 16:54:55.367,"0000000001"
"3000000000000448","001 ","0010002     ","202307",90022,1,"KAMOKU02",10.00000,"20170320",,,,,10000000,0,"SIKINSITO112",,," ",,,,,,,0,"JYOUKEN1",,"KENGEN1","UMU2","UMU2",,,,,,,,,,,,,,,,,,,,,,,,,,0,0,,,,,,,2024/03/22 16:54:55.367,"0000000001",2024/03/22 16:54:55.367,"0000000001"
"3000000000000448","001 ","0010002     ","202307",90023,1,"KAMOKU02",10.00000,"20170320",,,,,10000000,0,"SIKINSITO112",,," ",,,,,,,0,"JYOUKEN1",,"KENGEN1","UMU2","UMU2",,,,,,,,,,,,,,,,,,,,,,,,,,0,0,,,,,,,2024/03/22 16:54:55.367,"0000000001",2024/03/22 16:54:55.367,"0000000001"
"3000000000000471","001 ","0010003     ","201803",3001,301,"KAMOKU03",1.00000,"20150101","20160101","20170823","20170823","20170823",1200000,,"SIKINSITO107","HOSYOMOKU300000","HENSAIHOUHOU1","20171231",,,,,,,0,"JYOUKEN1","","KENGEN2","UMU2","UMU2","",0,"","",0,"","",0,"","",0,"","",0,"","",0,"","",0,"","",0,"","",1,0,"10912","1"," ",0,"","",2025/12/16 15:42:53.743,"177177    ",2025/12/16 15:42:53.743,"177177"
"3000000000000471","001 ","0010003     ","201803",3002,301,"KAMOKU03",1.00000,"20150101","20160101","20170823","20170823","20170823",1200000,,"SIKINSITO244","HOSYOMOKU300000","HENSAIHOUHOU1","20171231",,,,,,,0,"JYOUKEN1","","KENGEN2","UMU2","UMU2","",0,"","",0,"","",0,"","",0,"","",0,"","",0,"","",0,"","",0,"","",1,0,"10912","1"," ",0,"","",2025/12/16 15:42:53.743,"177177    ",2025/12/16 15:42:53.743,"177177"
"3000000000000472","001 ","0010001     ","201712",2001,2001,"KAMOKU01",1.00000,"20150101","20160101","20170823","20160101","20170823",1200000,,"SIKINSITO101","HOSYOMOKU300000","HENSAIHOUHOU1","20171231",,,,,,,0,"JYOUKEN1","","KENGEN2","UMU2","UMU2","",0,"","",0,"","",0,"","",0,"","",0,"","",0,"","",0,"","",0,"","",0,1,"10912","1"," ",0,"","",2025/12/16 15:57:23.667,"0000000001",2025/12/16 15:57:23.667,"0000000001"
"TEST000000000200","001 ","0010006     ","202603",100000000000001,1,"KAMOKU01",,,,,"20260403",,1010000,,"SITO02","HOSYO02",,,,,,,0,1,0,"JOUKEN02",,,,,,,,,,,,,,,,,,,,,,,,,,,,,,1,1,,,,,,,2026/04/02 17:28:13.113,"TESTUSER01",,
"TEST000000000200","001 ","0010006     ","202603",100000000000002,2,"KAMOKU02",,,,,"20260404",,1020000,,"SITO01","HOSYO01",,,,,,,0,2,0,"JOUKEN01",,,,,,,,,,,,,,,,,,,,,,,,,,,,,,0,1,,,,,,,2026/04/02 17:28:13.113,"TESTUSER01",,
"TEST000000000200","001 ","0010006     ","202603",100000000000003,3,"KAMOKU03",,,,,"20260405",,1030000,,"SITO02","HOSYO02",,,,,,,0,3,0,"JOUKEN02",,,,,,,,,,,,,,,,,,,,,,,,,,,,,,1,1,,,,,,,2026/04/02 17:28:13.113,"TESTUSER01",,
"TEST000000000200","001 ","0010006     ","202603",100000000000004,4,"KAMOKU01",,,,,"20260406",,1040000,,"SITO01","HOSYO01",,,,,,,0,4,0,"JOUKEN01",,,,,,,,,,,,,,,,,,,,,,,,,,,,,,0,1,,,,,,,2026/04/02 17:28:13.113,"TESTUSER01",,
"TEST000000000200","001 ","0010006     ","202603",100000000000005,5,"KAMOKU02",,,,,"20260407",,1050000,,"SITO02","HOSYO02",,,,,,,10000,5,0,"JOUKEN02",,,,,,,,,,,,,,,,,,,,,,,,,,,,,,1,1,,,,,,,2026/04/02 17:28:13.113,"TESTUSER01",,
"TEST000000000200","001 ","0010006     ","202603",100000000000006,6,"KAMOKU03",,,,,"20260408",,1060000,,"SITO01","HOSYO01",,,,,,,0,6,0,"JOUKEN01",,,,,,,,,,,,,,,,,,,,,,,,,,,,,,0,1,,,,,,,2026/04/02 17:28:13.117,"TESTUSER01",,
"TEST000000000200","001 ","0010006     ","202603",100000000000007,7,"KAMOKU01",,,,,"20260409",,1070000,,"SITO02","HOSYO02",,,,,,,0,7,0,"JOUKEN02",,,,,,,,,,,,,,,,,,,,,,,,,,,,,,1,1,,,,,,,2026/04/02 17:28:13.117,"TESTUSER01",,
"TEST000000000200","001 ","0010006     ","202603",100000000000008,8,"KAMOKU02",,,,,"20260410",,1080000,,"SITO01","HOSYO01",,,,,,,0,8,0,"JOUKEN01",,,,,,,,,,,,,,,,,,,,,,,,,,,,,,0,1,,,,,,,2026/04/02 17:28:13.117,"TESTUSER01",,
"TEST000000000200","001 ","0010006     ","202603",100000000000009,9,"KAMOKU03",,,,,"20260411",,1090000,,"SITO02","HOSYO02",,,,,,,0,9,0,"JOUKEN02",,,,,,,,,,,,,,,,,,,,,,,,,,,,,,1,1,,,,,,,2026/04/02 17:28:13.117,"TESTUSER01",,
"TEST000000000200","001 ","0010006     ","202603",100000000000010,10,"KAMOKU01",,,,,"20260412",,1100000,,"SITO01","HOSYO01",,,,,,,10000,10,1,"JOUKEN01",,,,,,,,,,,,,,,,,,,,,,,,,,,,,,0,1,,,,,,,2026/04/02 17:28:13.117,"TESTUSER01",,
"TEST000000000200","001 ","0010006     ","202603",100000000000011,11,"KAMOKU02",,,,,"20260413",,1110000,,"SITO02","HOSYO02",,,,,,,0,11,0,"JOUKEN02",,,,,,,,,,,,,,,,,,,,,,,,,,,,,,1,1,,,,,,,2026/04/02 17:28:13.117,"TESTUSER01",,
"TEST000000000200","001 ","0010006     ","202603",100000000000012,12,"KAMOKU03",,,,,"20260414",,1120000,,"SITO01","HOSYO01",,,,,,,0,12,0,"JOUKEN01",,,,,,,,,,,,,,,,,,,,,,,,,,,,,,0,1,,,,,,,2026/04/02 17:28:13.117,"TESTUSER01",,
"TEST000000000200","001 ","0010006     ","202603",100000000000013,13,"KAMOKU01",,,,,"20260415",,1130000,,"SITO02","HOSYO02",,,,,,,0,13,0,"JOUKEN02",,,,,,,,,,,,,,,,,,,,,,,,,,,,,,1,1,,,,,,,2026/04/02 17:28:13.120,"TESTUSER01",,
"TEST000000000200","001 ","0010006     ","202603",100000000000014,14,"KAMOKU02",,,,,"20260416",,1140000,,"SITO01","HOSYO01",,,,,,,0,14,0,"JOUKEN01",,,,,,,,,,,,,,,,,,,,,,,,,,,,,,0,1,,,,,,,2026/04/02 17:28:13.120,"TESTUSER01",,
"TEST000000000200","001 ","0010006     ","202603",100000000000015,15,"KAMOKU03",,,,,"20260417",,1150000,,"SITO02","HOSYO02",,,,,,,10000,15,0,"JOUKEN02",,,,,,,,,,,,,,,,,,,,,,,,,,,,,,1,1,,,,,,,2026/04/02 17:28:13.120,"TESTUSER01",,
"TEST000000000200","001 ","0010006     ","202603",100000000000016,16,"KAMOKU01",,,,,"20260418",,1160000,,"SITO01","HOSYO01",,,,,,,0,16,0,"JOUKEN01",,,,,,,,,,,,,,,,,,,,,,,,,,,,,,0,1,,,,,,,2026/04/02 17:28:13.120,"TESTUSER01",,
"TEST000000000200","001 ","0010006     ","202603",100000000000017,17,"KAMOKU02",,,,,"20260419",,1170000,,"SITO02","HOSYO02",,,,,,,0,17,0,"JOUKEN02",,,,,,,,,,,,,,,,,,,,,,,,,,,,,,1,1,,,,,,,2026/04/02 17:28:13.120,"TESTUSER01",,
"TEST000000000200","001 ","0010006     ","202603",100000000000018,18,"KAMOKU03",,,,,"20260420",,1180000,,"SITO01","HOSYO01",,,,,,,0,18,0,"JOUKEN01",,,,,,,,,,,,,,,,,,,,,,,,,,,,,,0,1,,,,,,,2026/04/02 17:28:13.120,"TESTUSER01",,
"TEST000000000200","001 ","0010006     ","202603",100000000000019,19,"KAMOKU01",,,,,"20260421",,1190000,,"SITO02","HOSYO02",,,,,,,0,19,0,"JOUKEN02",,,,,,,,,,,,,,,,,,,,,,,,,,,,,,1,1,,,,,,,2026/04/02 17:28:13.120,"TESTUSER01",,
"TEST000000000200","001 ","0010006     ","202603",100000000000020,20,"KAMOKU02",,,,,"20260422",,1200000,,"SITO01","HOSYO01",,,,,,,10000,20,1,"JOUKEN01",,,,,,,,,,,,,,,,,,,,,,,,,,,,,,0,1,,,,,,,2026/04/02 17:28:13.120,"TESTUSER01",,
"TEST000000000200","001 ","0010006     ","202603",100000000000021,21,"KAMOKU03",,,,,"20260423",,1210000,,"SITO02","HOSYO02",,,,,,,0,21,0,"JOUKEN02",,,,,,,,,,,,,,,,,,,,,,,,,,,,,,1,1,,,,,,,2026/04/02 17:28:13.120,"TESTUSER01",,
"TEST000000000200","001 ","0010006     ","202603",100000000000022,22,"KAMOKU01",,,,,"20260424",,1220000,,"SITO01","HOSYO01",,,,,,,0,22,0,"JOUKEN01",,,,,,,,,,,,,,,,,,,,,,,,,,,,,,0,1,,,,,,,2026/04/02 17:28:13.120,"TESTUSER01",,
"TEST000000000200","001 ","0010006     ","202603",100000000000023,23,"KAMOKU02",,,,,"20260425",,1230000,,"SITO02","HOSYO02",,,,,,,0,23,0,"JOUKEN02",,,,,,,,,,,,,,,,,,,,,,,,,,,,,,1,1,,,,,,,2026/04/02 17:28:13.120,"TESTUSER01",,
"TEST000000000200","001 ","0010006     ","202603",100000000000024,24,"KAMOKU03",,,,,"20260426",,1240000,,"SITO01","HOSYO01",,,,,,,0,24,0,"JOUKEN01",,,,,,,,,,,,,,,,,,,,,,,,,,,,,,0,1,,,,,,,2026/04/02 17:28:13.120,"TESTUSER01",,
"TEST000000000200","001 ","0010006     ","202603",100000000000025,25,"KAMOKU01",,,,,"20260427",,1250000,,"SITO02","HOSYO02",,,,,,,10000,25,0,"JOUKEN02",,,,,,,,,,,,,,,,,,,,,,,,,,,,,,1,1,,,,,,,2026/04/02 17:28:13.123,"TESTUSER01",,
"TEST000000000200","001 ","0010006     ","202603",100000000000026,26,"KAMOKU02",,,,,"20260428",,1260000,,"SITO01","HOSYO01",,,,,,,0,26,0,"JOUKEN01",,,,,,,,,,,,,,,,,,,,,,,,,,,,,,0,1,,,,,,,2026/04/02 17:28:13.123,"TESTUSER01",,
"TEST000000000200","001 ","0010006     ","202603",100000000000027,27,"KAMOKU03",,,,,"20260429",,1270000,,"SITO02","HOSYO02",,,,,,,0,27,0,"JOUKEN02",,,,,,,,,,,,,,,,,,,,,,,,,,,,,,1,1,,,,,,,2026/04/02 17:28:13.123,"TESTUSER01",,
"TEST000000000200","001 ","0010006     ","202603",100000000000028,28,"KAMOKU01",,,,,"20260430",,1280000,,"SITO01","HOSYO01",,,,,,,0,28,0,"JOUKEN01",,,,,,,,,,,,,,,,,,,,,,,,,,,,,,0,1,,,,,,,2026/04/02 17:28:13.123,"TESTUSER01",,
"TEST000000000200","001 ","0010006     ","202603",100000000000029,29,"KAMOKU02",,,,,"20260501",,1290000,,"SITO02","HOSYO02",,,,,,,0,29,0,"JOUKEN02",,,,,,,,,,,,,,,,,,,,,,,,,,,,,,1,1,,,,,,,2026/04/02 17:28:13.123,"TESTUSER01",,
"TEST000000000200","001 ","0010006     ","202603",100000000000030,30,"KAMOKU03",,,,,"20260502",,1300000,,"SITO01","HOSYO01",,,,,,,10000,0,1,"JOUKEN01",,,,,,,,,,,,,,,,,,,,,,,,,,,,,,0,1,,,,,,,2026/04/02 17:28:13.123,"TESTUSER01",,
"TEST000000000200","001 ","0010006     ","202603",100000000000031,31,"KAMOKU01",,,,,"20260503",,1310000,,"SITO02","HOSYO02",,,,,,,0,1,0,"JOUKEN02",,,,,,,,,,,,,,,,,,,,,,,,,,,,,,1,1,,,,,,,2026/04/02 17:28:13.123,"TESTUSER01",,
"TEST000000000200","001 ","0010006     ","202603",100000000000032,32,"KAMOKU02",,,,,"20260504",,1320000,,"SITO01","HOSYO01",,,,,,,0,2,0,"JOUKEN01",,,,,,,,,,,,,,,,,,,,,,,,,,,,,,0,1,,,,,,,2026/04/02 17:28:13.123,"TESTUSER01",,
"TEST000000000200","001 ","0010006     ","202603",100000000000033,33,"KAMOKU03",,,,,"20260505",,1330000,,"SITO02","HOSYO02",,,,,,,0,3,0,"JOUKEN02",,,,,,,,,,,,,,,,,,,,,,,,,,,,,,1,1,,,,,,,2026/04/02 17:28:13.123,"TESTUSER01",,
"TEST000000000200","001 ","0010006     ","202603",100000000000034,34,"KAMOKU01",,,,,"20260506",,1340000,,"SITO01","HOSYO01",,,,,,,0,4,0,"JOUKEN01",,,,,,,,,,,,,,,,,,,,,,,,,,,,,,0,1,,,,,,,2026/04/02 17:28:13.127,"TESTUSER01",,
"TEST000000000200","001 ","0010006     ","202603",100000000000035,35,"KAMOKU02",,,,,"20260507",,1350000,,"SITO02","HOSYO02",,,,,,,10000,5,0,"JOUKEN02",,,,,,,,,,,,,,,,,,,,,,,,,,,,,,1,1,,,,,,,2026/04/02 17:28:13.127,"TESTUSER01",,
"TEST000000000200","001 ","0010006     ","202603",100000000000036,36,"KAMOKU03",,,,,"20260508",,1360000,,"SITO01","HOSYO01",,,,,,,0,6,0,"JOUKEN01",,,,,,,,,,,,,,,,,,,,,,,,,,,,,,0,1,,,,,,,2026/04/02 17:28:13.127,"TESTUSER01",,
"TEST000000000200","001 ","0010006     ","202603",100000000000037,37,"KAMOKU01",,,,,"20260509",,1370000,,"SITO02","HOSYO02",,,,,,,0,7,0,"JOUKEN02",,,,,,,,,,,,,,,,,,,,,,,,,,,,,,1,1,,,,,,,2026/04/02 17:28:13.127,"TESTUSER01",,
"TEST000000000200","001 ","0010006     ","202603",100000000000038,38,"KAMOKU02",,,,,"20260510",,1380000,,"SITO01","HOSYO01",,,,,,,0,8,0,"JOUKEN01",,,,,,,,,,,,,,,,,,,,,,,,,,,,,,0,1,,,,,,,2026/04/02 17:28:13.127,"TESTUSER01",,
"TEST000000000200","001 ","0010006     ","202603",100000000000039,39,"KAMOKU03",,,,,"20260511",,1390000,,"SITO02","HOSYO02",,,,,,,0,9,0,"JOUKEN02",,,,,,,,,,,,,,,,,,,,,,,,,,,,,,1,1,,,,,,,2026/04/02 17:28:13.127,"TESTUSER01",,
"TEST000000000200","001 ","0010006     ","202603",100000000000040,40,"KAMOKU01",,,,,"20260512",,1400000,,"SITO01","HOSYO01",,,,,,,10000,10,1,"JOUKEN01",,,,,,,,,,,,,,,,,,,,,,,,,,,,,,0,1,,,,,,,2026/04/02 17:28:13.127,"TESTUSER01",,
"TEST000000000200","001 ","0010006     ","202603",100000000000041,41,"KAMOKU02",,,,,"20260513",,1410000,,"SITO02","HOSYO02",,,,,,,0,11,0,"JOUKEN02",,,,,,,,,,,,,,,,,,,,,,,,,,,,,,1,1,,,,,,,2026/04/02 17:28:13.127,"TESTUSER01",,
"TEST000000000200","001 ","0010006     ","202603",100000000000042,42,"KAMOKU03",,,,,"20260514",,1420000,,"SITO01","HOSYO01",,,,,,,0,12,0,"JOUKEN01",,,,,,,,,,,,,,,,,,,,,,,,,,,,,,0,1,,,,,,,2026/04/02 17:28:13.127,"TESTUSER01",,
"TEST000000000200","001 ","0010006     ","202603",100000000000043,43,"KAMOKU01",,,,,"20260515",,1430000,,"SITO02","HOSYO02",,,,,,,0,13,0,"JOUKEN02",,,,,,,,,,,,,,,,,,,,,,,,,,,,,,1,1,,,,,,,2026/04/02 17:28:13.127,"TESTUSER01",,
"TEST000000000200","001 ","0010006     ","202603",100000000000044,44,"KAMOKU02",,,,,"20260516",,1440000,,"SITO01","HOSYO01",,,,,,,0,14,0,"JOUKEN01",,,,,,,,,,,,,,,,,,,,,,,,,,,,,,0,1,,,,,,,2026/04/02 17:28:13.130,"TESTUSER01",,
"TEST000000000200","001 ","0010006     ","202603",100000000000045,45,"KAMOKU03",,,,,"20260517",,1450000,,"SITO02","HOSYO02",,,,,,,10000,15,0,"JOUKEN02",,,,,,,,,,,,,,,,,,,,,,,,,,,,,,1,1,,,,,,,2026/04/02 17:28:13.130,"TESTUSER01",,
"TEST000000000200","001 ","0010006     ","202603",100000000000046,46,"KAMOKU01",,,,,"20260518",,1460000,,"SITO01","HOSYO01",,,,,,,0,16,0,"JOUKEN01",,,,,,,,,,,,,,,,,,,,,,,,,,,,,,0,1,,,,,,,2026/04/02 17:28:13.130,"TESTUSER01",,
"TEST000000000200","001 ","0010006     ","202603",100000000000047,47,"KAMOKU02",,,,,"20260519",,1470000,,"SITO02","HOSYO02",,,,,,,0,17,0,"JOUKEN02",,,,,,,,,,,,,,,,,,,,,,,,,,,,,,1,1,,,,,,,2026/04/02 17:28:13.130,"TESTUSER01",,
"TEST000000000200","001 ","0010006     ","202603",100000000000048,48,"KAMOKU03",,,,,"20260520",,1480000,,"SITO01","HOSYO01",,,,,,,0,18,0,"JOUKEN01",,,,,,,,,,,,,,,,,,,,,,,,,,,,,,0,1,,,,,,,2026/04/02 17:28:13.130,"TESTUSER01",,
"TEST000000000200","001 ","0010006     ","202603",100000000000049,49,"KAMOKU01",,,,,"20260521",,1490000,,"SITO02","HOSYO02",,,,,,,0,19,0,"JOUKEN02",,,,,,,,,,,,,,,,,,,,,,,,,,,,,,1,1,,,,,,,2026/04/02 17:28:13.130,"TESTUSER01",,
"TEST000000000200","001 ","0010006     ","202603",100000000000050,50,"KAMOKU02",,,,,"20260522",,1500000,,"SITO01","HOSYO01",,,,,,,10000,20,1,"JOUKEN01",,,,,,,,,,,,,,,,,,,,,,,,,,,,,,0,1,,,,,,,2026/04/02 17:28:13.130,"TESTUSER01",,
"TEST000000000200","001 ","0010006     ","202603",100000000000051,51,"KAMOKU03",,,,,"20260523",,1510000,,"SITO02","HOSYO02",,,,,,,0,21,0,"JOUKEN02",,,,,,,,,,,,,,,,,,,,,,,,,,,,,,1,1,,,,,,,2026/04/02 17:28:13.130,"TESTUSER01",,
"TEST000000000200","001 ","0010006     ","202603",100000000000052,52,"KAMOKU01",,,,,"20260524",,1520000,,"SITO01","HOSYO01",,,,,,,0,22,0,"JOUKEN01",,,,,,,,,,,,,,,,,,,,,,,,,,,,,,0,1,,,,,,,2026/04/02 17:28:13.130,"TESTUSER01",,
"TEST000000000200","001 ","0010006     ","202603",100000000000053,53,"KAMOKU02",,,,,"20260525",,1530000,,"SITO02","HOSYO02",,,,,,,0,23,0,"JOUKEN02",,,,,,,,,,,,,,,,,,,,,,,,,,,,,,1,1,,,,,,,2026/04/02 17:28:13.130,"TESTUSER01",,
"TEST000000000200","001 ","0010006     ","202603",100000000000054,54,"KAMOKU03",,,,,"20260526",,1540000,,"SITO01","HOSYO01",,,,,,,0,24,0,"JOUKEN01",,,,,,,,,,,,,,,,,,,,,,,,,,,,,,0,1,,,,,,,2026/04/02 17:28:13.130,"TESTUSER01",,
"TEST000000000200","001 ","0010006     ","202603",100000000000055,55,"KAMOKU01",,,,,"20260527",,1550000,,"SITO02","HOSYO02",,,,,,,10000,25,0,"JOUKEN02",,,,,,,,,,,,,,,,,,,,,,,,,,,,,,1,1,,,,,,,2026/04/02 17:28:13.130,"TESTUSER01",,
"TEST000000000200","001 ","0010006     ","202603",100000000000056,56,"KAMOKU02",,,,,"20260528",,1560000,,"SITO01","HOSYO01",,,,,,,0,26,0,"JOUKEN01",,,,,,,,,,,,,,,,,,,,,,,,,,,,,,0,1,,,,,,,2026/04/02 17:28:13.130,"TESTUSER01",,
"TEST000000000200","001 ","0010006     ","202603",100000000000057,57,"KAMOKU03",,,,,"20260529",,1570000,,"SITO02","HOSYO02",,,,,,,0,27,0,"JOUKEN02",,,,,,,,,,,,,,,,,,,,,,,,,,,,,,1,1,,,,,,,2026/04/02 17:28:13.130,"TESTUSER01",,
"TEST000000000200","001 ","0010006     ","202603",100000000000058,58,"KAMOKU01",,,,,"20260530",,1580000,,"SITO01","HOSYO01",,,,,,,0,28,0,"JOUKEN01",,,,,,,,,,,,,,,,,,,,,,,,,,,,,,0,1,,,,,,,2026/04/02 17:28:13.130,"TESTUSER01",,
"TEST000000000200","001 ","0010006     ","202603",100000000000059,59,"KAMOKU02",,,,,"20260531",,1590000,,"SITO02","HOSYO02",,,,,,,0,29,0,"JOUKEN02",,,,,,,,,,,,,,,,,,,,,,,,,,,,,,1,1,,,,,,,2026/04/02 17:28:13.130,"TESTUSER01",,
"TEST000000000200","001 ","0010006     ","202603",100000000000060,60,"KAMOKU03",,,,,"20260601",,1600000,,"SITO01","HOSYO01",,,,,,,10000,0,1,"JOUKEN01",,,,,,,,,,,,,,,,,,,,,,,,,,,,,,0,1,,,,,,,2026/04/02 17:28:13.133,"TESTUSER01",,
"TEST000000000200","001 ","0010006     ","202603",100000000000061,61,"KAMOKU01",,,,,"20260602",,1610000,,"SITO02","HOSYO02",,,,,,,0,1,0,"JOUKEN02",,,,,,,,,,,,,,,,,,,,,,,,,,,,,,1,1,,,,,,,2026/04/02 17:28:13.133,"TESTUSER01",,
"TEST000000000200","001 ","0010006     ","202603",100000000000062,62,"KAMOKU02",,,,,"20260603",,1620000,,"SITO01","HOSYO01",,,,,,,0,2,0,"JOUKEN01",,,,,,,,,,,,,,,,,,,,,,,,,,,,,,0,1,,,,,,,2026/04/02 17:28:13.133,"TESTUSER01",,
"TEST000000000200","001 ","0010006     ","202603",100000000000063,63,"KAMOKU03",,,,,"20260604",,1630000,,"SITO02","HOSYO02",,,,,,,0,3,0,"JOUKEN02",,,,,,,,,,,,,,,,,,,,,,,,,,,,,,1,1,,,,,,,2026/04/02 17:28:13.133,"TESTUSER01",,
"TEST000000000200","001 ","0010006     ","202603",100000000000064,64,"KAMOKU01",,,,,"20260605",,1640000,,"SITO01","HOSYO01",,,,,,,0,4,0,"JOUKEN01",,,,,,,,,,,,,,,,,,,,,,,,,,,,,,0,1,,,,,,,2026/04/02 17:28:13.133,"TESTUSER01",,
"TEST000000000200","001 ","0010006     ","202603",100000000000065,65,"KAMOKU02",,,,,"20260606",,1650000,,"SITO02","HOSYO02",,,,,,,10000,5,0,"JOUKEN02",,,,,,,,,,,,,,,,,,,,,,,,,,,,,,1,1,,,,,,,2026/04/02 17:28:13.133,"TESTUSER01",,
"TEST000000000200","001 ","0010006     ","202603",100000000000066,66,"KAMOKU03",,,,,"20260607",,1660000,,"SITO01","HOSYO01",,,,,,,0,6,0,"JOUKEN01",,,,,,,,,,,,,,,,,,,,,,,,,,,,,,0,1,,,,,,,2026/04/02 17:28:13.133,"TESTUSER01",,
"TEST000000000200","001 ","0010006     ","202603",100000000000067,67,"KAMOKU01",,,,,"20260608",,1670000,,"SITO02","HOSYO02",,,,,,,0,7,0,"JOUKEN02",,,,,,,,,,,,,,,,,,,,,,,,,,,,,,1,1,,,,,,,2026/04/02 17:28:13.133,"TESTUSER01",,
"TEST000000000200","001 ","0010006     ","202603",100000000000068,68,"KAMOKU02",,,,,"20260609",,1680000,,"SITO01","HOSYO01",,,,,,,0,8,0,"JOUKEN01",,,,,,,,,,,,,,,,,,,,,,,,,,,,,,0,1,,,,,,,2026/04/02 17:28:13.133,"TESTUSER01",,
"TEST000000000200","001 ","0010006     ","202603",100000000000069,69,"KAMOKU03",,,,,"20260610",,1690000,,"SITO02","HOSYO02",,,,,,,0,9,0,"JOUKEN02",,,,,,,,,,,,,,,,,,,,,,,,,,,,,,1,1,,,,,,,2026/04/02 17:28:13.133,"TESTUSER01",,
"TEST000000000200","001 ","0010006     ","202603",100000000000070,70,"KAMOKU01",,,,,"20260611",,1700000,,"SITO01","HOSYO01",,,,,,,10000,10,1,"JOUKEN01",,,,,,,,,,,,,,,,,,,,,,,,,,,,,,0,1,,,,,,,2026/04/02 17:28:13.133,"TESTUSER01",,
"TEST000000000200","001 ","0010006     ","202603",100000000000071,71,"KAMOKU02",,,,,"20260612",,1710000,,"SITO02","HOSYO02",,,,,,,0,11,0,"JOUKEN02",,,,,,,,,,,,,,,,,,,,,,,,,,,,,,1,1,,,,,,,2026/04/02 17:28:13.137,"TESTUSER01",,
"TEST000000000200","001 ","0010006     ","202603",100000000000072,72,"KAMOKU03",,,,,"20260613",,1720000,,"SITO01","HOSYO01",,,,,,,0,12,0,"JOUKEN01",,,,,,,,,,,,,,,,,,,,,,,,,,,,,,0,1,,,,,,,2026/04/02 17:28:13.137,"TESTUSER01",,
"TEST000000000200","001 ","0010006     ","202603",100000000000073,73,"KAMOKU01",,,,,"20260614",,1730000,,"SITO02","HOSYO02",,,,,,,0,13,0,"JOUKEN02",,,,,,,,,,,,,,,,,,,,,,,,,,,,,,1,1,,,,,,,2026/04/02 17:28:13.137,"TESTUSER01",,
"TEST000000000200","001 ","0010006     ","202603",100000000000074,74,"KAMOKU02",,,,,"20260615",,1740000,,"SITO01","HOSYO01",,,,,,,0,14,0,"JOUKEN01",,,,,,,,,,,,,,,,,,,,,,,,,,,,,,0,1,,,,,,,2026/04/02 17:28:13.137,"TESTUSER01",,
"TEST000000000200","001 ","0010006     ","202603",100000000000075,75,"KAMOKU03",,,,,"20260616",,1750000,,"SITO02","HOSYO02",,,,,,,10000,15,0,"JOUKEN02",,,,,,,,,,,,,,,,,,,,,,,,,,,,,,1,1,,,,,,,2026/04/02 17:28:13.137,"TESTUSER01",,
"TEST000000000200","001 ","0010006     ","202603",100000000000076,76,"KAMOKU01",,,,,"20260617",,1760000,,"SITO01","HOSYO01",,,,,,,0,16,0,"JOUKEN01",,,,,,,,,,,,,,,,,,,,,,,,,,,,,,0,1,,,,,,,2026/04/02 17:28:13.137,"TESTUSER01",,
"TEST000000000200","001 ","0010006     ","202603",100000000000077,77,"KAMOKU02",,,,,"20260618",,1770000,,"SITO02","HOSYO02",,,,,,,0,17,0,"JOUKEN02",,,,,,,,,,,,,,,,,,,,,,,,,,,,,,1,1,,,,,,,2026/04/02 17:28:13.137,"TESTUSER01",,
"TEST000000000200","001 ","0010006     ","202603",100000000000078,78,"KAMOKU03",,,,,"20260619",,1780000,,"SITO01","HOSYO01",,,,,,,0,18,0,"JOUKEN01",,,,,,,,,,,,,,,,,,,,,,,,,,,,,,0,1,,,,,,,2026/04/02 17:28:13.137,"TESTUSER01",,
"TEST000000000200","001 ","0010006     ","202603",100000000000079,79,"KAMOKU01",,,,,"20260620",,1790000,,"SITO02","HOSYO02",,,,,,,0,19,0,"JOUKEN02",,,,,,,,,,,,,,,,,,,,,,,,,,,,,,1,1,,,,,,,2026/04/02 17:28:13.137,"TESTUSER01",,
"TEST000000000200","001 ","0010006     ","202603",100000000000080,80,"KAMOKU02",,,,,"20260621",,1800000,,"SITO01","HOSYO01",,,,,,,10000,20,1,"JOUKEN01",,,,,,,,,,,,,,,,,,,,,,,,,,,,,,0,1,,,,,,,2026/04/02 17:28:13.137,"TESTUSER01",,
"TEST000000000200","001 ","0010006     ","202603",100000000000081,81,"KAMOKU03",,,,,"20260622",,1810000,,"SITO02","HOSYO02",,,,,,,0,21,0,"JOUKEN02",,,,,,,,,,,,,,,,,,,,,,,,,,,,,,1,1,,,,,,,2026/04/02 17:28:13.137,"TESTUSER01",,
"TEST000000000200","001 ","0010006     ","202603",100000000000082,82,"KAMOKU01",,,,,"20260623",,1820000,,"SITO01","HOSYO01",,,,,,,0,22,0,"JOUKEN01",,,,,,,,,,,,,,,,,,,,,,,,,,,,,,0,1,,,,,,,2026/04/02 17:28:13.140,"TESTUSER01",,
"TEST000000000200","001 ","0010006     ","202603",100000000000083,83,"KAMOKU02",,,,,"20260624",,1830000,,"SITO02","HOSYO02",,,,,,,0,23,0,"JOUKEN02",,,,,,,,,,,,,,,,,,,,,,,,,,,,,,1,1,,,,,,,2026/04/02 17:28:13.140,"TESTUSER01",,
"TEST000000000200","001 ","0010006     ","202603",100000000000084,84,"KAMOKU03",,,,,"20260625",,1840000,,"SITO01","HOSYO01",,,,,,,0,24,0,"JOUKEN01",,,,,,,,,,,,,,,,,,,,,,,,,,,,,,0,1,,,,,,,2026/04/02 17:28:13.140,"TESTUSER01",,
"TEST000000000200","001 ","0010006     ","202603",100000000000085,85,"KAMOKU01",,,,,"20260626",,1850000,,"SITO02","HOSYO02",,,,,,,10000,25,0,"JOUKEN02",,,,,,,,,,,,,,,,,,,,,,,,,,,,,,1,1,,,,,,,2026/04/02 17:28:13.140,"TESTUSER01",,
"TEST000000000200","001 ","0010006     ","202603",100000000000086,86,"KAMOKU02",,,,,"20260627",,1860000,,"SITO01","HOSYO01",,,,,,,0,26,0,"JOUKEN01",,,,,,,,,,,,,,,,,,,,,,,,,,,,,,0,1,,,,,,,2026/04/02 17:28:13.140,"TESTUSER01",,
"TEST000000000200","001 ","0010006     ","202603",100000000000087,87,"KAMOKU03",,,,,"20260628",,1870000,,"SITO02","HOSYO02",,,,,,,0,27,0,"JOUKEN02",,,,,,,,,,,,,,,,,,,,,,,,,,,,,,1,1,,,,,,,2026/04/02 17:28:13.140,"TESTUSER01",,
"TEST000000000200","001 ","0010006     ","202603",100000000000088,88,"KAMOKU01",,,,,"20260629",,1880000,,"SITO01","HOSYO01",,,,,,,0,28,0,"JOUKEN01",,,,,,,,,,,,,,,,,,,,,,,,,,,,,,0,1,,,,,,,2026/04/02 17:28:13.140,"TESTUSER01",,
"TEST000000000200","001 ","0010006     ","202603",100000000000089,89,"KAMOKU02",,,,,"20260630",,1890000,,"SITO02","HOSYO02",,,,,,,0,29,0,"JOUKEN02",,,,,,,,,,,,,,,,,,,,,,,,,,,,,,1,1,,,,,,,2026/04/02 17:28:13.140,"TESTUSER01",,
"TEST000000000200","001 ","0010006     ","202603",100000000000090,90,"KAMOKU03",,,,,"20260701",,1900000,,"SITO01","HOSYO01",,,,,,,10000,0,1,"JOUKEN01",,,,,,,,,,,,,,,,,,,,,,,,,,,,,,0,1,,,,,,,2026/04/02 17:28:13.140,"TESTUSER01",,
"TEST000000000200","001 ","0010006     ","202603",100000000000091,91,"KAMOKU01",,,,,"20260702",,1910000,,"SITO02","HOSYO02",,,,,,,0,1,0,"JOUKEN02",,,,,,,,,,,,,,,,,,,,,,,,,,,,,,1,1,,,,,,,2026/04/02 17:28:13.140,"TESTUSER01",,
"TEST000000000200","001 ","0010006     ","202603",100000000000092,92,"KAMOKU02",,,,,"20260703",,1920000,,"SITO01","HOSYO01",,,,,,,0,2,0,"JOUKEN01",,,,,,,,,,,,,,,,,,,,,,,,,,,,,,0,1,,,,,,,2026/04/02 17:28:13.140,"TESTUSER01",,
"TEST000000000200","001 ","0010006     ","202603",100000000000093,93,"KAMOKU03",,,,,"20260704",,1930000,,"SITO02","HOSYO02",,,,,,,0,3,0,"JOUKEN02",,,,,,,,,,,,,,,,,,,,,,,,,,,,,,1,1,,,,,,,2026/04/02 17:28:13.140,"TESTUSER01",,
"TEST000000000200","001 ","0010006     ","202603",100000000000094,94,"KAMOKU01",,,,,"20260705",,1940000,,"SITO01","HOSYO01",,,,,,,0,4,0,"JOUKEN01",,,,,,,,,,,,,,,,,,,,,,,,,,,,,,0,1,,,,,,,2026/04/02 17:28:13.140,"TESTUSER01",,
"TEST000000000200","001 ","0010006     ","202603",100000000000095,95,"KAMOKU02",,,,,"20260706",,1950000,,"SITO02","HOSYO02",,,,,,,10000,5,0,"JOUKEN02",,,,,,,,,,,,,,,,,,,,,,,,,,,,,,1,1,,,,,,,2026/04/02 17:28:13.140,"TESTUSER01",,
"TEST000000000200","001 ","0010006     ","202603",100000000000096,96,"KAMOKU03",,,,,"20260707",,1960000,,"SITO01","HOSYO01",,,,,,,0,6,0,"JOUKEN01",,,,,,,,,,,,,,,,,,,,,,,,,,,,,,0,1,,,,,,,2026/04/02 17:28:13.140,"TESTUSER01",,
"TEST000000000200","001 ","0010006     ","202603",100000000000097,97,"KAMOKU01",,,,,"20260708",,1970000,,"SITO02","HOSYO02",,,,,,,0,7,0,"JOUKEN02",,,,,,,,,,,,,,,,,,,,,,,,,,,,,,1,1,,,,,,,2026/04/02 17:28:13.140,"TESTUSER01",,
"TEST000000000200","001 ","0010006     ","202603",100000000000098,98,"KAMOKU02",,,,,"20260709",,1980000,,"SITO01","HOSYO01",,,,,,,0,8,0,"JOUKEN01",,,,,,,,,,,,,,,,,,,,,,,,,,,,,,0,1,,,,,,,2026/04/02 17:28:13.140,"TESTUSER01",,
"TEST000000000200","001 ","0010006     ","202603",100000000000099,99,"KAMOKU03",,,,,"20260710",,1990000,,"SITO02","HOSYO02",,,,,,,0,9,0,"JOUKEN02",,,,,,,,,,,,,,,,,,,,,,,,,,,,,,1,1,,,,,,,2026/04/02 17:28:13.143,"TESTUSER01",,
"TEST000000000200","001 ","0010006     ","202603",100000000000100,100,"KAMOKU01",,,,,"20260711",,2000000,,"SITO01","HOSYO01",,,,,,,10000,10,1,"JOUKEN01",,,,,,,,,,,,,,,,,,,,,,,,,,,,,,0,1,,,,,,,2026/04/02 17:28:13.143,"TESTUSER01",,
"TEST000000000200","001 ","0010006     ","202603",100000000000101,101,"KAMOKU02",,,,,"20260712",,2010000,,"SITO02","HOSYO02",,,,,,,0,11,0,"JOUKEN02",,,,,,,,,,,,,,,,,,,,,,,,,,,,,,1,1,,,,,,,2026/04/02 17:28:13.143,"TESTUSER01",,
"TEST000000000200","001 ","0010006     ","202603",100000000000102,102,"KAMOKU03",,,,,"20260713",,2020000,,"SITO01","HOSYO01",,,,,,,0,12,0,"JOUKEN01",,,,,,,,,,,,,,,,,,,,,,,,,,,,,,0,1,,,,,,,2026/04/02 17:28:13.143,"TESTUSER01",,
"TEST000000000200","001 ","0010006     ","202603",100000000000103,103,"KAMOKU01",,,,,"20260714",,2030000,,"SITO02","HOSYO02",,,,,,,0,13,0,"JOUKEN02",,,,,,,,,,,,,,,,,,,,,,,,,,,,,,1,1,,,,,,,2026/04/02 17:28:13.143,"TESTUSER01",,
"TEST000000000200","001 ","0010006     ","202603",100000000000104,104,"KAMOKU02",,,,,"20260715",,2040000,,"SITO01","HOSYO01",,,,,,,0,14,0,"JOUKEN01",,,,,,,,,,,,,,,,,,,,,,,,,,,,,,0,1,,,,,,,2026/04/02 17:28:13.143,"TESTUSER01",,
"TEST000000000200","001 ","0010006     ","202603",100000000000105,105,"KAMOKU03",,,,,"20260716",,2050000,,"SITO02","HOSYO02",,,,,,,10000,15,0,"JOUKEN02",,,,,,,,,,,,,,,,,,,,,,,,,,,,,,1,1,,,,,,,2026/04/02 17:28:13.143,"TESTUSER01",,
"TEST000000000200","001 ","0010006     ","202603",100000000000106,106,"KAMOKU01",,,,,"20260717",,2060000,,"SITO01","HOSYO01",,,,,,,0,16,0,"JOUKEN01",,,,,,,,,,,,,,,,,,,,,,,,,,,,,,0,1,,,,,,,2026/04/02 17:28:13.143,"TESTUSER01",,
"TEST000000000200","001 ","0010006     ","202603",100000000000107,107,"KAMOKU02",,,,,"20260718",,2070000,,"SITO02","HOSYO02",,,,,,,0,17,0,"JOUKEN02",,,,,,,,,,,,,,,,,,,,,,,,,,,,,,1,1,,,,,,,2026/04/02 17:28:13.143,"TESTUSER01",,
"TEST000000000200","001 ","0010006     ","202603",100000000000108,108,"KAMOKU03",,,,,"20260719",,2080000,,"SITO01","HOSYO01",,,,,,,0,18,0,"JOUKEN01",,,,,,,,,,,,,,,,,,,,,,,,,,,,,,0,1,,,,,,,2026/04/02 17:28:13.143,"TESTUSER01",,
"TEST000000000200","001 ","0010006     ","202603",100000000000109,109,"KAMOKU01",,,,,"20260720",,2090000,,"SITO02","HOSYO02",,,,,,,0,19,0,"JOUKEN02",,,,,,,,,,,,,,,,,,,,,,,,,,,,,,1,1,,,,,,,2026/04/02 17:28:13.143,"TESTUSER01",,
"TEST000000000200","001 ","0010006     ","202603",100000000000110,110,"KAMOKU02",,,,,"20260721",,2100000,,"SITO01","HOSYO01",,,,,,,10000,20,1,"JOUKEN01",,,,,,,,,,,,,,,,,,,,,,,,,,,,,,0,1,,,,,,,2026/04/02 17:28:13.143,"TESTUSER01",,
"TEST000000000200","001 ","0010006     ","202603",100000000000111,111,"KAMOKU03",,,,,"20260722",,2110000,,"SITO02","HOSYO02",,,,,,,0,21,0,"JOUKEN02",,,,,,,,,,,,,,,,,,,,,,,,,,,,,,1,1,,,,,,,2026/04/02 17:28:13.143,"TESTUSER01",,
"TEST000000000200","001 ","0010006     ","202603",100000000000112,112,"KAMOKU01",,,,,"20260723",,2120000,,"SITO01","HOSYO01",,,,,,,0,22,0,"JOUKEN01",,,,,,,,,,,,,,,,,,,,,,,,,,,,,,0,1,,,,,,,2026/04/02 17:28:13.147,"TESTUSER01",,
"TEST000000000200","001 ","0010006     ","202603",100000000000113,113,"KAMOKU02",,,,,"20260724",,2130000,,"SITO02","HOSYO02",,,,,,,0,23,0,"JOUKEN02",,,,,,,,,,,,,,,,,,,,,,,,,,,,,,1,1,,,,,,,2026/04/02 17:28:13.147,"TESTUSER01",,
"TEST000000000200","001 ","0010006     ","202603",100000000000114,114,"KAMOKU03",,,,,"20260725",,2140000,,"SITO01","HOSYO01",,,,,,,0,24,0,"JOUKEN01",,,,,,,,,,,,,,,,,,,,,,,,,,,,,,0,1,,,,,,,2026/04/02 17:28:13.147,"TESTUSER01",,
"TEST000000000200","001 ","0010006     ","202603",100000000000115,115,"KAMOKU01",,,,,"20260726",,2150000,,"SITO02","HOSYO02",,,,,,,10000,25,0,"JOUKEN02",,,,,,,,,,,,,,,,,,,,,,,,,,,,,,1,1,,,,,,,2026/04/02 17:28:13.147,"TESTUSER01",,
"TEST000000000200","001 ","0010006     ","202603",100000000000116,116,"KAMOKU02",,,,,"20260727",,2160000,,"SITO01","HOSYO01",,,,,,,0,26,0,"JOUKEN01",,,,,,,,,,,,,,,,,,,,,,,,,,,,,,0,1,,,,,,,2026/04/02 17:28:13.147,"TESTUSER01",,
"TEST000000000200","001 ","0010006     ","202603",100000000000117,117,"KAMOKU03",,,,,"20260728",,2170000,,"SITO02","HOSYO02",,,,,,,0,27,0,"JOUKEN02",,,,,,,,,,,,,,,,,,,,,,,,,,,,,,1,1,,,,,,,2026/04/02 17:28:13.147,"TESTUSER01",,
"TEST000000000200","001 ","0010006     ","202603",100000000000118,118,"KAMOKU01",,,,,"20260729",,2180000,,"SITO01","HOSYO01",,,,,,,0,28,0,"JOUKEN01",,,,,,,,,,,,,,,,,,,,,,,,,,,,,,0,1,,,,,,,2026/04/02 17:28:13.147,"TESTUSER01",,
"TEST000000000200","001 ","0010006     ","202603",100000000000119,119,"KAMOKU02",,,,,"20260730",,2190000,,"SITO02","HOSYO02",,,,,,,0,29,0,"JOUKEN02",,,,,,,,,,,,,,,,,,,,,,,,,,,,,,1,1,,,,,,,2026/04/02 17:28:13.147,"TESTUSER01",,
"TEST000000000200","001 ","0010006     ","202603",100000000000120,120,"KAMOKU03",,,,,"20260731",,2200000,,"SITO01","HOSYO01",,,,,,,10000,0,1,"JOUKEN01",,,,,,,,,,,,,,,,,,,,,,,,,,,,,,0,1,,,,,,,2026/04/02 17:28:13.147,"TESTUSER01",,
"TEST000000000200","001 ","0010006     ","202603",100000000000121,121,"KAMOKU01",,,,,"20260801",,2210000,,"SITO02","HOSYO02",,,,,,,0,1,0,"JOUKEN02",,,,,,,,,,,,,,,,,,,,,,,,,,,,,,1,1,,,,,,,2026/04/02 17:28:13.147,"TESTUSER01",,
"TEST000000000200","001 ","0010006     ","202603",100000000000122,122,"KAMOKU02",,,,,"20260802",,2220000,,"SITO01","HOSYO01",,,,,,,0,2,0,"JOUKEN01",,,,,,,,,,,,,,,,,,,,,,,,,,,,,,0,1,,,,,,,2026/04/02 17:28:13.147,"TESTUSER01",,
"TEST000000000200","001 ","0010006     ","202603",100000000000123,123,"KAMOKU03",,,,,"20260803",,2230000,,"SITO02","HOSYO02",,,,,,,0,3,0,"JOUKEN02",,,,,,,,,,,,,,,,,,,,,,,,,,,,,,1,1,,,,,,,2026/04/02 17:28:13.147,"TESTUSER01",,
"TEST000000000200","001 ","0010006     ","202603",100000000000124,124,"KAMOKU01",,,,,"20260804",,2240000,,"SITO01","HOSYO01",,,,,,,0,4,0,"JOUKEN01",,,,,,,,,,,,,,,,,,,,,,,,,,,,,,0,1,,,,,,,2026/04/02 17:28:13.147,"TESTUSER01",,
"TEST000000000200","001 ","0010006     ","202603",100000000000125,125,"KAMOKU02",,,,,"20260805",,2250000,,"SITO02","HOSYO02",,,,,,,10000,5,0,"JOUKEN02",,,,,,,,,,,,,,,,,,,,,,,,,,,,,,1,1,,,,,,,2026/04/02 17:28:13.147,"TESTUSER01",,
"TEST000000000200","001 ","0010006     ","202603",100000000000126,126,"KAMOKU03",,,,,"20260806",,2260000,,"SITO01","HOSYO01",,,,,,,0,6,0,"JOUKEN01",,,,,,,,,,,,,,,,,,,,,,,,,,,,,,0,1,,,,,,,2026/04/02 17:28:13.147,"TESTUSER01",,
"TEST000000000200","001 ","0010006     ","202603",100000000000127,127,"KAMOKU01",,,,,"20260807",,2270000,,"SITO02","HOSYO02",,,,,,,0,7,0,"JOUKEN02",,,,,,,,,,,,,,,,,,,,,,,,,,,,,,1,1,,,,,,,2026/04/02 17:28:13.147,"TESTUSER01",,
"TEST000000000200","001 ","0010006     ","202603",100000000000128,128,"KAMOKU02",,,,,"20260808",,2280000,,"SITO01","HOSYO01",,,,,,,0,8,0,"JOUKEN01",,,,,,,,,,,,,,,,,,,,,,,,,,,,,,0,1,,,,,,,2026/04/02 17:28:13.147,"TESTUSER01",,
"TEST000000000200","001 ","0010006     ","202603",100000000000129,129,"KAMOKU03",,,,,"20260809",,2290000,,"SITO02","HOSYO02",,,,,,,0,9,0,"JOUKEN02",,,,,,,,,,,,,,,,,,,,,,,,,,,,,,1,1,,,,,,,2026/04/02 17:28:13.147,"TESTUSER01",,
"TEST000000000200","001 ","0010006     ","202603",100000000000130,130,"KAMOKU01",,,,,"20260810",,2300000,,"SITO01","HOSYO01",,,,,,,10000,10,1,"JOUKEN01",,,,,,,,,,,,,,,,,,,,,,,,,,,,,,0,1,,,,,,,2026/04/02 17:28:13.147,"TESTUSER01",,
"TEST000000000200","001 ","0010006     ","202603",100000000000131,131,"KAMOKU02",,,,,"20260811",,2310000,,"SITO02","HOSYO02",,,,,,,0,11,0,"JOUKEN02",,,,,,,,,,,,,,,,,,,,,,,,,,,,,,1,1,,,,,,,2026/04/02 17:28:13.150,"TESTUSER01",,
"TEST000000000200","001 ","0010006     ","202603",100000000000132,132,"KAMOKU03",,,,,"20260812",,2320000,,"SITO01","HOSYO01",,,,,,,0,12,0,"JOUKEN01",,,,,,,,,,,,,,,,,,,,,,,,,,,,,,0,1,,,,,,,2026/04/02 17:28:13.150,"TESTUSER01",,
"TEST000000000200","001 ","0010006     ","202603",100000000000133,133,"KAMOKU01",,,,,"20260813",,2330000,,"SITO02","HOSYO02",,,,,,,0,13,0,"JOUKEN02",,,,,,,,,,,,,,,,,,,,,,,,,,,,,,1,1,,,,,,,2026/04/02 17:28:13.150,"TESTUSER01",,
"TEST000000000200","001 ","0010006     ","202603",100000000000134,134,"KAMOKU02",,,,,"20260814",,2340000,,"SITO01","HOSYO01",,,,,,,0,14,0,"JOUKEN01",,,,,,,,,,,,,,,,,,,,,,,,,,,,,,0,1,,,,,,,2026/04/02 17:28:13.150,"TESTUSER01",,
"TEST000000000200","001 ","0010006     ","202603",100000000000135,135,"KAMOKU03",,,,,"20260815",,2350000,,"SITO02","HOSYO02",,,,,,,10000,15,0,"JOUKEN02",,,,,,,,,,,,,,,,,,,,,,,,,,,,,,1,1,,,,,,,2026/04/02 17:28:13.150,"TESTUSER01",,
"TEST000000000200","001 ","0010006     ","202603",100000000000136,136,"KAMOKU01",,,,,"20260816",,2360000,,"SITO01","HOSYO01",,,,,,,0,16,0,"JOUKEN01",,,,,,,,,,,,,,,,,,,,,,,,,,,,,,0,1,,,,,,,2026/04/02 17:28:13.150,"TESTUSER01",,
"TEST000000000200","001 ","0010006     ","202603",100000000000137,137,"KAMOKU02",,,,,"20260817",,2370000,,"SITO02","HOSYO02",,,,,,,0,17,0,"JOUKEN02",,,,,,,,,,,,,,,,,,,,,,,,,,,,,,1,1,,,,,,,2026/04/02 17:28:13.150,"TESTUSER01",,
"TEST000000000200","001 ","0010006     ","202603",100000000000138,138,"KAMOKU03",,,,,"20260818",,2380000,,"SITO01","HOSYO01",,,,,,,0,18,0,"JOUKEN01",,,,,,,,,,,,,,,,,,,,,,,,,,,,,,0,1,,,,,,,2026/04/02 17:28:13.150,"TESTUSER01",,
"TEST000000000200","001 ","0010006     ","202603",100000000000139,139,"KAMOKU01",,,,,"20260819",,2390000,,"SITO02","HOSYO02",,,,,,,0,19,0,"JOUKEN02",,,,,,,,,,,,,,,,,,,,,,,,,,,,,,1,1,,,,,,,2026/04/02 17:28:13.150,"TESTUSER01",,
"TEST000000000200","001 ","0010006     ","202603",100000000000140,140,"KAMOKU02",,,,,"20260820",,2400000,,"SITO01","HOSYO01",,,,,,,10000,20,1,"JOUKEN01",,,,,,,,,,,,,,,,,,,,,,,,,,,,,,0,1,,,,,,,2026/04/02 17:28:13.150,"TESTUSER01",,
"TEST000000000200","001 ","0010006     ","202603",100000000000141,141,"KAMOKU03",,,,,"20260821",,2410000,,"SITO02","HOSYO02",,,,,,,0,21,0,"JOUKEN02",,,,,,,,,,,,,,,,,,,,,,,,,,,,,,1,1,,,,,,,2026/04/02 17:28:13.150,"TESTUSER01",,
"TEST000000000200","001 ","0010006     ","202603",100000000000142,142,"KAMOKU01",,,,,"20260822",,2420000,,"SITO01","HOSYO01",,,,,,,0,22,0,"JOUKEN01",,,,,,,,,,,,,,,,,,,,,,,,,,,,,,0,1,,,,,,,2026/04/02 17:28:13.150,"TESTUSER01",,
"TEST000000000200","001 ","0010006     ","202603",100000000000143,143,"KAMOKU02",,,,,"20260823",,2430000,,"SITO02","HOSYO02",,,,,,,0,23,0,"JOUKEN02",,,,,,,,,,,,,,,,,,,,,,,,,,,,,,1,1,,,,,,,2026/04/02 17:28:13.150,"TESTUSER01",,
"TEST000000000200","001 ","0010006     ","202603",100000000000144,144,"KAMOKU03",,,,,"20260824",,2440000,,"SITO01","HOSYO01",,,,,,,0,24,0,"JOUKEN01",,,,,,,,,,,,,,,,,,,,,,,,,,,,,,0,1,,,,,,,2026/04/02 17:28:13.150,"TESTUSER01",,
"TEST000000000200","001 ","0010006     ","202603",100000000000145,145,"KAMOKU01",,,,,"20260825",,2450000,,"SITO02","HOSYO02",,,,,,,10000,25,0,"JOUKEN02",,,,,,,,,,,,,,,,,,,,,,,,,,,,,,1,1,,,,,,,2026/04/02 17:28:13.150,"TESTUSER01",,
"TEST000000000200","001 ","0010006     ","202603",100000000000146,146,"KAMOKU02",,,,,"20260826",,2460000,,"SITO01","HOSYO01",,,,,,,0,26,0,"JOUKEN01",,,,,,,,,,,,,,,,,,,,,,,,,,,,,,0,1,,,,,,,2026/04/02 17:28:13.150,"TESTUSER01",,
"TEST000000000200","001 ","0010006     ","202603",100000000000147,147,"KAMOKU03",,,,,"20260827",,2470000,,"SITO02","HOSYO02",,,,,,,0,27,0,"JOUKEN02",,,,,,,,,,,,,,,,,,,,,,,,,,,,,,1,1,,,,,,,2026/04/02 17:28:13.150,"TESTUSER01",,
"TEST000000000200","001 ","0010006     ","202603",100000000000148,148,"KAMOKU01",,,,,"20260828",,2480000,,"SITO01","HOSYO01",,,,,,,0,28,0,"JOUKEN01",,,,,,,,,,,,,,,,,,,,,,,,,,,,,,0,1,,,,,,,2026/04/02 17:28:13.150,"TESTUSER01",,
"TEST000000000200","001 ","0010006     ","202603",100000000000149,149,"KAMOKU02",,,,,"20260829",,2490000,,"SITO02","HOSYO02",,,,,,,0,29,0,"JOUKEN02",,,,,,,,,,,,,,,,,,,,,,,,,,,,,,1,1,,,,,,,2026/04/02 17:28:13.150,"TESTUSER01",,
"TEST000000000200","001 ","0010006     ","202603",100000000000150,150,"KAMOKU03",,,,,"20260830",,2500000,,"SITO01","HOSYO01",,,,,,,10000,0,1,"JOUKEN01",,,,,,,,,,,,,,,,,,,,,,,,,,,,,,0,1,,,,,,,2026/04/02 17:28:13.150,"TESTUSER01",,
"TEST000000000200","001 ","0010006     ","202603",100000000000151,151,"KAMOKU01",,,,,"20260831",,2510000,,"SITO02","HOSYO02",,,,,,,0,1,0,"JOUKEN02",,,,,,,,,,,,,,,,,,,,,,,,,,,,,,1,1,,,,,,,2026/04/02 17:28:13.150,"TESTUSER01",,
"TEST000000000200","001 ","0010006     ","202603",100000000000152,152,"KAMOKU02",,,,,"20260901",,2520000,,"SITO01","HOSYO01",,,,,,,0,2,0,"JOUKEN01",,,,,,,,,,,,,,,,,,,,,,,,,,,,,,0,1,,,,,,,2026/04/02 17:28:13.150,"TESTUSER01",,
"TEST000000000200","001 ","0010006     ","202603",100000000000153,153,"KAMOKU03",,,,,"20260902",,2530000,,"SITO02","HOSYO02",,,,,,,0,3,0,"JOUKEN02",,,,,,,,,,,,,,,,,,,,,,,,,,,,,,1,1,,,,,,,2026/04/02 17:28:13.150,"TESTUSER01",,
"TEST000000000200","001 ","0010006     ","202603",100000000000154,154,"KAMOKU01",,,,,"20260903",,2540000,,"SITO01","HOSYO01",,,,,,,0,4,0,"JOUKEN01",,,,,,,,,,,,,,,,,,,,,,,,,,,,,,0,1,,,,,,,2026/04/02 17:28:13.150,"TESTUSER01",,
"TEST000000000200","001 ","0010006     ","202603",100000000000155,155,"KAMOKU02",,,,,"20260904",,2550000,,"SITO02","HOSYO02",,,,,,,10000,5,0,"JOUKEN02",,,,,,,,,,,,,,,,,,,,,,,,,,,,,,1,1,,,,,,,2026/04/02 17:28:13.153,"TESTUSER01",,
"TEST000000000200","001 ","0010006     ","202603",100000000000156,156,"KAMOKU03",,,,,"20260905",,2560000,,"SITO01","HOSYO01",,,,,,,0,6,0,"JOUKEN01",,,,,,,,,,,,,,,,,,,,,,,,,,,,,,0,1,,,,,,,2026/04/02 17:28:13.153,"TESTUSER01",,
"TEST000000000200","001 ","0010006     ","202603",100000000000157,157,"KAMOKU01",,,,,"20260906",,2570000,,"SITO02","HOSYO02",,,,,,,0,7,0,"JOUKEN02",,,,,,,,,,,,,,,,,,,,,,,,,,,,,,1,1,,,,,,,2026/04/02 17:28:13.153,"TESTUSER01",,
"TEST000000000200","001 ","0010006     ","202603",100000000000158,158,"KAMOKU02",,,,,"20260907",,2580000,,"SITO01","HOSYO01",,,,,,,0,8,0,"JOUKEN01",,,,,,,,,,,,,,,,,,,,,,,,,,,,,,0,1,,,,,,,2026/04/02 17:28:13.153,"TESTUSER01",,
"TEST000000000200","001 ","0010006     ","202603",100000000000159,159,"KAMOKU03",,,,,"20260908",,2590000,,"SITO02","HOSYO02",,,,,,,0,9,0,"JOUKEN02",,,,,,,,,,,,,,,,,,,,,,,,,,,,,,1,1,,,,,,,2026/04/02 17:28:13.153,"TESTUSER01",,
"TEST000000000200","001 ","0010006     ","202603",100000000000160,160,"KAMOKU01",,,,,"20260909",,2600000,,"SITO01","HOSYO01",,,,,,,10000,10,1,"JOUKEN01",,,,,,,,,,,,,,,,,,,,,,,,,,,,,,0,1,,,,,,,2026/04/02 17:28:13.153,"TESTUSER01",,
"TEST000000000200","001 ","0010006     ","202603",100000000000161,161,"KAMOKU02",,,,,"20260910",,2610000,,"SITO02","HOSYO02",,,,,,,0,11,0,"JOUKEN02",,,,,,,,,,,,,,,,,,,,,,,,,,,,,,1,1,,,,,,,2026/04/02 17:28:13.153,"TESTUSER01",,
"TEST000000000200","001 ","0010006     ","202603",100000000000162,162,"KAMOKU03",,,,,"20260911",,2620000,,"SITO01","HOSYO01",,,,,,,0,12,0,"JOUKEN01",,,,,,,,,,,,,,,,,,,,,,,,,,,,,,0,1,,,,,,,2026/04/02 17:28:13.153,"TESTUSER01",,
"TEST000000000200","001 ","0010006     ","202603",100000000000163,163,"KAMOKU01",,,,,"20260912",,2630000,,"SITO02","HOSYO02",,,,,,,0,13,0,"JOUKEN02",,,,,,,,,,,,,,,,,,,,,,,,,,,,,,1,1,,,,,,,2026/04/02 17:28:13.153,"TESTUSER01",,
"TEST000000000200","001 ","0010006     ","202603",100000000000164,164,"KAMOKU02",,,,,"20260913",,2640000,,"SITO01","HOSYO01",,,,,,,0,14,0,"JOUKEN01",,,,,,,,,,,,,,,,,,,,,,,,,,,,,,0,1,,,,,,,2026/04/02 17:28:13.153,"TESTUSER01",,
"TEST000000000200","001 ","0010006     ","202603",100000000000165,165,"KAMOKU03",,,,,"20260914",,2650000,,"SITO02","HOSYO02",,,,,,,10000,15,0,"JOUKEN02",,,,,,,,,,,,,,,,,,,,,,,,,,,,,,1,1,,,,,,,2026/04/02 17:28:13.153,"TESTUSER01",,
"TEST000000000200","001 ","0010006     ","202603",100000000000166,166,"KAMOKU01",,,,,"20260915",,2660000,,"SITO01","HOSYO01",,,,,,,0,16,0,"JOUKEN01",,,,,,,,,,,,,,,,,,,,,,,,,,,,,,0,1,,,,,,,2026/04/02 17:28:13.153,"TESTUSER01",,
"TEST000000000200","001 ","0010006     ","202603",100000000000167,167,"KAMOKU02",,,,,"20260916",,2670000,,"SITO02","HOSYO02",,,,,,,0,17,0,"JOUKEN02",,,,,,,,,,,,,,,,,,,,,,,,,,,,,,1,1,,,,,,,2026/04/02 17:28:13.153,"TESTUSER01",,
"TEST000000000200","001 ","0010006     ","202603",100000000000168,168,"KAMOKU03",,,,,"20260917",,2680000,,"SITO01","HOSYO01",,,,,,,0,18,0,"JOUKEN01",,,,,,,,,,,,,,,,,,,,,,,,,,,,,,0,1,,,,,,,2026/04/02 17:28:13.153,"TESTUSER01",,
"TEST000000000200","001 ","0010006     ","202603",100000000000169,169,"KAMOKU01",,,,,"20260918",,2690000,,"SITO02","HOSYO02",,,,,,,0,19,0,"JOUKEN02",,,,,,,,,,,,,,,,,,,,,,,,,,,,,,1,1,,,,,,,2026/04/02 17:28:13.153,"TESTUSER01",,
"TEST000000000200","001 ","0010006     ","202603",100000000000170,170,"KAMOKU02",,,,,"20260919",,2700000,,"SITO01","HOSYO01",,,,,,,10000,20,1,"JOUKEN01",,,,,,,,,,,,,,,,,,,,,,,,,,,,,,0,1,,,,,,,2026/04/02 17:28:13.157,"TESTUSER01",,
"TEST000000000200","001 ","0010006     ","202603",100000000000171,171,"KAMOKU03",,,,,"20260920",,2710000,,"SITO02","HOSYO02",,,,,,,0,21,0,"JOUKEN02",,,,,,,,,,,,,,,,,,,,,,,,,,,,,,1,1,,,,,,,2026/04/02 17:28:13.157,"TESTUSER01",,
"TEST000000000200","001 ","0010006     ","202603",100000000000172,172,"KAMOKU01",,,,,"20260921",,2720000,,"SITO01","HOSYO01",,,,,,,0,22,0,"JOUKEN01",,,,,,,,,,,,,,,,,,,,,,,,,,,,,,0,1,,,,,,,2026/04/02 17:28:13.157,"TESTUSER01",,
"TEST000000000200","001 ","0010006     ","202603",100000000000173,173,"KAMOKU02",,,,,"20260922",,2730000,,"SITO02","HOSYO02",,,,,,,0,23,0,"JOUKEN02",,,,,,,,,,,,,,,,,,,,,,,,,,,,,,1,1,,,,,,,2026/04/02 17:28:13.157,"TESTUSER01",,
"TEST000000000200","001 ","0010006     ","202603",100000000000174,174,"KAMOKU03",,,,,"20260923",,2740000,,"SITO01","HOSYO01",,,,,,,0,24,0,"JOUKEN01",,,,,,,,,,,,,,,,,,,,,,,,,,,,,,0,1,,,,,,,2026/04/02 17:28:13.157,"TESTUSER01",,
"TEST000000000200","001 ","0010006     ","202603",100000000000175,175,"KAMOKU01",,,,,"20260924",,2750000,,"SITO02","HOSYO02",,,,,,,10000,25,0,"JOUKEN02",,,,,,,,,,,,,,,,,,,,,,,,,,,,,,1,1,,,,,,,2026/04/02 17:28:13.160,"TESTUSER01",,
"TEST000000000200","001 ","0010006     ","202603",100000000000176,176,"KAMOKU02",,,,,"20260925",,2760000,,"SITO01","HOSYO01",,,,,,,0,26,0,"JOUKEN01",,,,,,,,,,,,,,,,,,,,,,,,,,,,,,0,1,,,,,,,2026/04/02 17:28:13.160,"TESTUSER01",,
"TEST000000000200","001 ","0010006     ","202603",100000000000177,177,"KAMOKU03",,,,,"20260926",,2770000,,"SITO02","HOSYO02",,,,,,,0,27,0,"JOUKEN02",,,,,,,,,,,,,,,,,,,,,,,,,,,,,,1,1,,,,,,,2026/04/02 17:28:13.160,"TESTUSER01",,
"TEST000000000200","001 ","0010006     ","202603",100000000000178,178,"KAMOKU01",,,,,"20260927",,2780000,,"SITO01","HOSYO01",,,,,,,0,28,0,"JOUKEN01",,,,,,,,,,,,,,,,,,,,,,,,,,,,,,0,1,,,,,,,2026/04/02 17:28:13.160,"TESTUSER01",,
"TEST000000000200","001 ","0010006     ","202603",100000000000179,179,"KAMOKU02",,,,,"20260928",,2790000,,"SITO02","HOSYO02",,,,,,,0,29,0,"JOUKEN02",,,,,,,,,,,,,,,,,,,,,,,,,,,,,,1,1,,,,,,,2026/04/02 17:28:13.160,"TESTUSER01",,
"TEST000000000200","001 ","0010006     ","202603",100000000000180,180,"KAMOKU03",,,,,"20260929",,2800000,,"SITO01","HOSYO01",,,,,,,10000,0,1,"JOUKEN01",,,,,,,,,,,,,,,,,,,,,,,,,,,,,,0,1,,,,,,,2026/04/02 17:28:13.160,"TESTUSER01",,
"TEST000000000200","001 ","0010006     ","202603",100000000000181,181,"KAMOKU01",,,,,"20260930",,2810000,,"SITO02","HOSYO02",,,,,,,0,1,0,"JOUKEN02",,,,,,,,,,,,,,,,,,,,,,,,,,,,,,1,1,,,,,,,2026/04/02 17:28:13.160,"TESTUSER01",,
"TEST000000000200","001 ","0010006     ","202603",100000000000182,182,"KAMOKU02",,,,,"20261001",,2820000,,"SITO01","HOSYO01",,,,,,,0,2,0,"JOUKEN01",,,,,,,,,,,,,,,,,,,,,,,,,,,,,,0,1,,,,,,,2026/04/02 17:28:13.160,"TESTUSER01",,
"TEST000000000200","001 ","0010006     ","202603",100000000000183,183,"KAMOKU03",,,,,"20261002",,2830000,,"SITO02","HOSYO02",,,,,,,0,3,0,"JOUKEN02",,,,,,,,,,,,,,,,,,,,,,,,,,,,,,1,1,,,,,,,2026/04/02 17:28:13.160,"TESTUSER01",,
"TEST000000000200","001 ","0010006     ","202603",100000000000184,184,"KAMOKU01",,,,,"20261003",,2840000,,"SITO01","HOSYO01",,,,,,,0,4,0,"JOUKEN01",,,,,,,,,,,,,,,,,,,,,,,,,,,,,,0,1,,,,,,,2026/04/02 17:28:13.160,"TESTUSER01",,
"TEST000000000200","001 ","0010006     ","202603",100000000000185,185,"KAMOKU02",,,,,"20261004",,2850000,,"SITO02","HOSYO02",,,,,,,10000,5,0,"JOUKEN02",,,,,,,,,,,,,,,,,,,,,,,,,,,,,,1,1,,,,,,,2026/04/02 17:28:13.160,"TESTUSER01",,
"TEST000000000200","001 ","0010006     ","202603",100000000000186,186,"KAMOKU03",,,,,"20261005",,2860000,,"SITO01","HOSYO01",,,,,,,0,6,0,"JOUKEN01",,,,,,,,,,,,,,,,,,,,,,,,,,,,,,0,1,,,,,,,2026/04/02 17:28:13.160,"TESTUSER01",,
"TEST000000000200","001 ","0010006     ","202603",100000000000187,187,"KAMOKU01",,,,,"20261006",,2870000,,"SITO02","HOSYO02",,,,,,,0,7,0,"JOUKEN02",,,,,,,,,,,,,,,,,,,,,,,,,,,,,,1,1,,,,,,,2026/04/02 17:28:13.160,"TESTUSER01",,
"TEST000000000200","001 ","0010006     ","202603",100000000000188,188,"KAMOKU02",,,,,"20261007",,2880000,,"SITO01","HOSYO01",,,,,,,0,8,0,"JOUKEN01",,,,,,,,,,,,,,,,,,,,,,,,,,,,,,0,1,,,,,,,2026/04/02 17:28:13.160,"TESTUSER01",,
"TEST000000000200","001 ","0010006     ","202603",100000000000189,189,"KAMOKU03",,,,,"20261008",,2890000,,"SITO02","HOSYO02",,,,,,,0,9,0,"JOUKEN02",,,,,,,,,,,,,,,,,,,,,,,,,,,,,,1,1,,,,,,,2026/04/02 17:28:13.160,"TESTUSER01",,
"TEST000000000200","001 ","0010006     ","202603",100000000000190,190,"KAMOKU01",,,,,"20261009",,2900000,,"SITO01","HOSYO01",,,,,,,10000,10,1,"JOUKEN01",,,,,,,,,,,,,,,,,,,,,,,,,,,,,,0,1,,,,,,,2026/04/02 17:28:13.160,"TESTUSER01",,
"TEST000000000200","001 ","0010006     ","202603",100000000000191,191,"KAMOKU02",,,,,"20261010",,2910000,,"SITO02","HOSYO02",,,,,,,0,11,0,"JOUKEN02",,,,,,,,,,,,,,,,,,,,,,,,,,,,,,1,1,,,,,,,2026/04/02 17:28:13.160,"TESTUSER01",,
"TEST000000000200","001 ","0010006     ","202603",100000000000192,192,"KAMOKU03",,,,,"20261011",,2920000,,"SITO01","HOSYO01",,,,,,,0,12,0,"JOUKEN01",,,,,,,,,,,,,,,,,,,,,,,,,,,,,,0,1,,,,,,,2026/04/02 17:28:13.160,"TESTUSER01",,
"TEST000000000200","001 ","0010006     ","202603",100000000000193,193,"KAMOKU01",,,,,"20261012",,2930000,,"SITO02","HOSYO02",,,,,,,0,13,0,"JOUKEN02",,,,,,,,,,,,,,,,,,,,,,,,,,,,,,1,1,,,,,,,2026/04/02 17:28:13.160,"TESTUSER01",,
"TEST000000000200","001 ","0010006     ","202603",100000000000194,194,"KAMOKU02",,,,,"20261013",,2940000,,"SITO01","HOSYO01",,,,,,,0,14,0,"JOUKEN01",,,,,,,,,,,,,,,,,,,,,,,,,,,,,,0,1,,,,,,,2026/04/02 17:28:13.160,"TESTUSER01",,
"TEST000000000200","001 ","0010006     ","202603",100000000000195,195,"KAMOKU03",,,,,"20261014",,2950000,,"SITO02","HOSYO02",,,,,,,10000,15,0,"JOUKEN02",,,,,,,,,,,,,,,,,,,,,,,,,,,,,,1,1,,,,,,,2026/04/02 17:28:13.160,"TESTUSER01",,
"TEST000000000200","001 ","0010006     ","202603",100000000000196,196,"KAMOKU01",,,,,"20261015",,2960000,,"SITO01","HOSYO01",,,,,,,0,16,0,"JOUKEN01",,,,,,,,,,,,,,,,,,,,,,,,,,,,,,0,1,,,,,,,2026/04/02 17:28:13.160,"TESTUSER01",,
"TEST000000000200","001 ","0010006     ","202603",100000000000197,197,"KAMOKU02",,,,,"20261016",,2970000,,"SITO02","HOSYO02",,,,,,,0,17,0,"JOUKEN02",,,,,,,,,,,,,,,,,,,,,,,,,,,,,,1,1,,,,,,,2026/04/02 17:28:13.160,"TESTUSER01",,
"TEST000000000200","001 ","0010006     ","202603",100000000000198,198,"KAMOKU03",,,,,"20261017",,2980000,,"SITO01","HOSYO01",,,,,,,0,18,0,"JOUKEN01",,,,,,,,,,,,,,,,,,,,,,,,,,,,,,0,1,,,,,,,2026/04/02 17:28:13.160,"TESTUSER01",,
"TEST000000000200","001 ","0010006     ","202603",100000000000199,199,"KAMOKU01",,,,,"20261018",,2990000,,"SITO02","HOSYO02",,,,,,,0,19,0,"JOUKEN02",,,,,,,,,,,,,,,,,,,,,,,,,,,,,,1,1,,,,,,,2026/04/02 17:28:13.163,"TESTUSER01",,
"TEST000000000200","001 ","0010006     ","202603",100000000000200,200,"KAMOKU02",,,,,"20261019",,3000000,,"SITO01","HOSYO01",,,,,,,10000,20,1,"JOUKEN01",,,,,,,,,,,,,,,,,,,,,,,,,,,,,,0,1,,,,,,,2026/04/02 17:28:13.163,"TESTUSER01",,
