"RGcgc_ApprovalNo","RGcgc_PrevApprovalNo","RGcgc_ApprovalItemCode","RGcgc_ExecScheduledDate","RGcgc_RepaymentLimitDay","RGcgc_CommodityCode","RGcgc_SecurityCode","RGcgc_ExecScheduledMoney","RGcgc_InterestRate","RGcgc_InterestRateApplyDvsn","RGcgc_InterestSupplyRate","RGcgc_VariableInterestCode","RGcgc_SlideRange","RGcgc_StandardSpread","RGcgc_RepaymentWayCode","RGcgc_RepayIntervalCode","RGcgc_RepaymentInterestCode","RGcgc_RepayInterestIntrvlCode","RGcgc_FirstRepayInterestDate","RGcgc_FirstRepayDate","RGcgc_BeforeExecMoney","RGcgc_BeforeInterestRate","RGcgc_RootManagementNo","RGcgc_BonusTotalMoney","RGcgc_FixedContractualRate","RGcgc_VariableContractualRate","RGcgc_StepRateAppliedDate","RGcgc_StepRate","RGcgc_StepPeriod","RGcgc_CapitalUseDetailDivision","RGcgc_RepayDay","RGcgc_FractionDivision","RGcgc_DeferInterestIntrvlCode","RGcgc_RepayCount1","RGcgc_EveryRepayMoney2","RGcgc_BonusRepayMoney","RGcgc_BonusRepayCount","RGcgc_BonusBeginDate","RGcgc_BonusMonth1","RGcgc_BonusMonth2","RGcgc_StartRepayDate1","RGcgc_RepayDay1","RGcgc_LastRepayDate1","RGcgc_RepayIntervalCode1","RGcgc_IncreaseDecreaseMoney1","RGcgc_StartRepayDate2","RGcgc_RepayDay2","RGcgc_LastRepayDate2","RGcgc_RepayIntervalCode2","RGcgc_IncreaseDecreaseMoney2","RGcgc_StartRepayDate3","RGcgc_RepayDay3","RGcgc_LastRepayDate3","RGcgc_RepayIntervalCode3","RGcgc_IncreaseDecreaseMoney3","RGcgc_StartRepayDate4","RGcgc_RepayDay4","RGcgc_LastRepayDate4","RGcgc_RepayIntervalCode4","RGcgc_IncreaseDecreaseMoney4","RGcgc_StartRepayDate5","RGcgc_RepayDay5","RGcgc_LastRepayDate5","RGcgc_RepayIntervalCode5","RGcgc_IncreaseDecreaseMoney5","RGcgc_EveryRepayMoney3","RGcgc_ApprovalTypeCode","RGcgc_CapitalUseDivision","RGcgc_JikkouDate","RGcgc_TanpoKubun","RGcgc_KyokudoFlg","RGcgc_AccruedDelayInterest","RGcgc_BillLimitDate","RGcgc_InterestSettledDate","RGcgc_FixInerestTerm","RGcgc_InerestSelectDivision","RGcgc_ResponsibilityDivision","RGcgc_RepaymentDivision","RGcgc_BNSOldRateInterest","RGcgc_BNSSumFlag","RGcgc_BNSAccruedTMoney","RGcgc_BNSAccruedIMoney","RGcgc_RegularProfitMargin","RGcgc_DelayInterestMoney","RGcgc_DelayInterestCalcEndDate","RGcgc_ManagemntCreditFlag","RGcgc_TimeLimitExStopFlag","RGcgc_InterestApplyStartDiv","RGcgc_PrincipalCounterItem","RGcgc_InterestCounterItem","RGcgc_PrcpInterestCollDate","RGcgc_NowConditionStartDate","RGcgc_RegularInterestEndDate","RGcgc_AccountStartDate","RGcgc_FinalHolidayRevisedDiv","RGcgc_NextInterestSelectDiv","RGcgc_NextInterestMoney","RGcgc_NextRate","RGcgc_NextRateApplyDate","RGcgc_ExecuteStopFlag","RGcgc_SyokaiRibaraiDate","RGcgc_ConsumerLoanFlag","RGcgc_ConditionChangeDate","RGcgc_ConditionChangeFlag","RGcgc_LastRepayInterestDate","RGcgc_LastRateEndDate","RGcgc_OverdraftInterestMoney","RGcgc_PaymentInSubrogationFlag","RGcgc_AdditionalInterestMoney","RGcgc_NotFixedFormSumMoney","RGcgc_InsideAmount","RGcgc_FloatingLowerRate","RGcgc_AccruedDelayMoney","RGcgc_AccruedTMoney","RGcgc_AccruedIMoney","RGcgc_ReturnInterestMoney","RGcgc_TreatProfitMargin","RGcgc_InterestCollectedEndDate","RGcgc_InterestCollectedDate","RGcgc_InterestCalcDate","RGcgc_LatestCalcMoveDate","RGcgc_Rollover","RGcgc_GroupInsuranceDivision","RGcgc_FloatingUpperRate","RGcgc_InstallmentChangeDiv","RGcgc_InstallmentBaseYears","RGcgc_RegularInterestCount","RGcgc_NoFloatingBDivideFlag","RGcgc_SyokaiHensaiDate","RGcgc_LastLimitDate","RGcgc_FinalDivideExecuteDate","RGcgc_KyokudonaiZandaka","RGcgc_KyokudoZandaka","RGcgc_KijituTo","InsertDateTime","InsertUserNo","UpdateDateTime","UpdateUserNo"
"00300029","72470006","R_RINGIKAMOKU33","20240708","20340731","52200",,10900000,1.00000,"R_RIRITUTEKI04",,"R_RIRITUHENDO02",,,"R_HENSAIHOU4","R_KANKAKU1","R_RIBARAIHOU1","R_RBRKANKAKU1","20240801","20240801",,,,,-1.80000,-1.90000,,,,"R_SIKINSITOM355","31","R_ADJHASU0",,120,95488,,,,"03","09",,,,,,,,,,,,,,,,,,,,,,,,,,,"R_RINGISYURUI4","R_SIKINSITO3","20240708","71",0,,,,,"R_KINRIKBN10",,,,,,,,,,,,,,,,,,,,,,,,,,,,,,,,,,,,,,,,,,,,,,,,,,,,,"202408",,,,,,2024/11/18 17:50:04.117,"10001       ",2024/11/18 17:50:04.117,"10001       "
"16300000","00000001","R_RINGIKAMOKU32","20170323","20170330","10109",,100000,10.00000,"",,"",,,"R_HENSAIHOU1","","R_RIBARAIHOU2","","20170330","20170330",,,,,,,,,,""," ","",,,,,," "," "," ","201703"," ","201703","",,"201703"," ","201703","",,"201703"," ","201703","",,"201703"," ","201703","",,"201703"," ","201703","",,,"R_RINGISYURUI4",,"20170323","51",0,,"20170410","20170405","20170330","","",,," ",,,,,"20170330"," "," "," "," "," ","20170330","20170330","20170330","20170330"," "," ",,,"20170330"," ","20170330"," ","20170330"," ","20170330","20170330",," ",,,,,,,,,,"20170330","20170330","20170330"," ","","",," ",,," ","20170330","20170330","20170330",,,,2017/03/08 11:01:30.220,"0019999999  ",2017/03/08 11:01:30.220,"0019999999  "
"17300051","17300040","R_RINGIKAMOKU33","20171215","20190806","10001","1001",1000000,3.00000,,,"R_RIRITUHENDO01",,,"R_HENSAIHOU4","R_KANKAKU1","R_RIBARAIHOU1","R_RBRKANKAKU1","20180106","20180106",,,,0,0.00000,0.00000,,,,"R_SIKINSITOM230","06","R_ADJHASU0",,20,417000,0,0,,,,,,,,,,,,,,,,,,,,,,,,,,,,,0,"R_RINGISYURUI4","R_SIKINSITO2","20171215","72",0,0,,,,,,0,0,"1",0,0,0.00000,,,"0",,"02",,,,,,,"0","00",,0.00000,,,,"0",,"0",,,,"0",0,0,0,0.00000,,0,0,0,0.00000,,,,,,,0.00000,"1",0,0,"1","20050930",,,,,,2017/10/23 21:34:30.827,"31001       ",2017/10/23 21:34:30.827,"31001       "
"17300056","17300053","R_RINGIKAMOKU33","20171115","20190706","10001","1001",1000000,3.00000,,,"R_RIRITUHENDO01",,,"R_HENSAIHOU4","R_KANKAKU1","R_RIBARAIHOU1","R_RBRKANKAKU1","20171206","20171206",,,,,0.00000,0.00000,,,,"R_SIKINSITOM230","06","R_ADJHASU0",,20,51322,,,,,,,,,,,,,,,,,,,,,,,,,,,,,,,,"R_RINGISYURUI4","R_SIKINSITO2","20171115","72",0,,,,,,,,,,,,,,,,,,,,,,,,,,,,,,,,,,,,,,,,,,,,,,,,,,,,,,,,,,"20171206",,,,,,2017/10/24 14:54:40.610,"31001       ",2017/10/24 14:54:40.610,"31001       "
"17300057","17300052","R_RINGIKAMOKU33","20171115","20190706","10001","1001",1000000,3.00000,,,"R_RIRITUHENDO01",,,"R_HENSAIHOU4","R_KANKAKU1","R_RIBARAIHOU1","R_RBRKANKAKU1","20171206","20171206",,,,,0.00000,0.00000,,,,"R_SIKINSITOM230","06","R_ADJHASU0",,20,51322,,,,,,,,,,,,,,,,,,,,,,,,,,,,,,,,"R_RINGISYURUI4","R_SIKINSITO2","20171115","72",0,,,,,,,,,,,,,,,,,,,,,,,,,,,,,,,,,,,,,,,,,,,,,,,,,,,,,,,,,,"20171206",,,,,,2017/10/24 15:24:21.003,"31001       ",2017/10/24 15:24:21.003,"31001       "
"17300063","17300052","R_RINGIKAMOKU33","20171115","20190706","10001","1001",1000000,3.00000,,,"R_RIRITUHENDO01",,,"R_HENSAIHOU4","R_KANKAKU1","R_RIBARAIHOU1","R_RBRKANKAKU1","20171206","20171206",,,,,0.00000,0.00000,,,,"R_SIKINSITOM230","06","R_ADJHASU0",,20,51322,,,,,,,,,,,,,,,,,,,,,,,,,,,,,,,,"R_RINGISYURUI4","R_SIKINSITO2","20171115","72",0,,,,,,,,,,,,,,,,,,,,,,,,,,,,,,,,,,,,,,,,,,,,,,,,,,,,,,,,,,"20171206",,,,,,2017/10/24 18:59:43.633,"31001       ",2017/10/24 18:59:43.633,"31001       "
"17300064","17300061","R_RINGIKAMOKU33","20171115","20190706","10001","1001",1000000,3.00000,"R_RIRITUTEKI03",,"R_RIRITUHENDO03",,0.30000,"R_HENSAIHOU4","R_KANKAKU1","R_RIBARAIHOU1","R_RBRKANKAKU1","20171206","20171206",,,,,0.50000,0.30000,,,,"R_SIKINSITOM230","06","R_ADJHASU0",,20,51322,,,,,,,,,,,,,,,,,,,,,,,,,,,,,,,,"R_RINGISYURUI4","R_SIKINSITO2","20171115","72",0,,,"20171128",,,,,,,,,,,,,,,,,,,,,,,,,,,,,,,,,,,,,,,,,,,,,,,,,,,,,,,"20171206",,,,,,2017/10/24 19:59:18.263,"31001       ",2017/10/24 19:59:18.263,"31001       "
"17300067","17300065","R_RINGIKAMOKU33","20171215","20190806","10001",,3000000,3.00000,,,"R_RIRITUHENDO01",,,"R_HENSAIHOU4","R_KANKAKU1","R_RIBARAIHOU1","R_RBRKANKAKU1","20180106","20180106",,,,0,0.00000,0.00000,,,,"R_SIKINSITOM230","06","R_ADJHASU0",,20,417000,0,0,,,,,,,,,,,,,,,,,,,,,,,,,,,,,0,"R_RINGISYURUI4","R_SIKINSITO2","20171215","72",0,0,,,,,,0,0,"1",0,0,0.00000,,,"0",,"02",,,,,,,"0","00",,0.00000,,,,"0",,"0",,,,"0",0,0,0,0.00000,,0,0,0,0.00000,,,,,,,0.00000,"1",0,0,"1","20050930",,,,,,2017/10/24 20:24:26.393,"31001       ",2017/10/24 20:24:26.393,"31001       "
"17300068","17300065","R_RINGIKAMOKU38","20171215","20190806","10001","1001",3000000,3.00000,,,"R_RIRITUHENDO01",,,"R_HENSAIHOU4","R_KANKAKU1","R_RIBARAIHOU1","R_RBRKANKAKU1","20180106","20180106",,,,0,0.00000,0.00000,,,,"R_SIKINSITOM129","06","R_ADJHASU0",,20,417000,0,0,,,,,,,,,,,,,,,,,,,,,,,,,,,,,0,"R_RINGISYURUI4","R_SIKINSITO1","20171215","72",0,0,,,,,,0,0,"1",0,0,0.00000,,,"0",,"02",,,,,,,"0","00",,0.00000,,,,"0",,"0",,,,"0",0,0,0,0.00000,,0,0,0,0.00000,,,,,,,0.00000,"1",0,0,"1","20050930",,,,,,2017/10/24 20:31:39.253,"31001       ",2017/10/24 20:31:39.253,"31001       "
"17300069","17300064","R_RINGIKAMOKU33","20171115","20190706","10001","1001",1000000,3.00000,"R_RIRITUTEKI03",,"R_RIRITUHENDO03",,0.30000,"R_HENSAIHOU4","R_KANKAKU1","R_RIBARAIHOU1","R_RBRKANKAKU1","20171206","20171206",,,,,0.20000,0.30000,,,,"R_SIKINSITOM230","06","R_ADJHASU0",,20,51322,,,,,,,,,,,,,,,,,,,,,,,,,,,,,,,,"R_RINGISYURUI4","R_SIKINSITO2","20171115","72",0,,,"20171128",,,,,,,,,,,,,,,,,,,,,,,,,,,,,,,,,,,,,,,,,,,,,,,,,,,,,,,"20171206",,,,,,2017/10/24 21:02:24.440,"31001       ",2017/10/24 21:02:24.440,"31001       "
"17300070","17300052","R_RINGIKAMOKU33","20171115","20190706","10001","1001",1000000,3.00000,,,"R_RIRITUHENDO01",,,"R_HENSAIHOU4","R_KANKAKU1","R_RIBARAIHOU1","R_RBRKANKAKU1","20171206","20171206",,,,,0.00000,0.00000,,,,"R_SIKINSITOM230","06","R_ADJHASU0",,20,51322,,,,,,,,,,,,,,,,,,,,,,,,,,,,,,,,"R_RINGISYURUI4","R_SIKINSITO2","20171115","72",0,,,,,,,,,,,,,,,,,,,,,,,,,,,,,,,,,,,,,,,,,,,,,,,,,,,,,,,,,,"20171206",,,,,,2017/10/24 22:40:22.027,"31001       ",2017/10/24 22:40:22.027,"31001       "
"17300071","17300062","R_RINGIKAMOKU38","20171215","20191030","10210","1001",12000000,3.92500,,,"R_RIRITUHENDO03",,,"R_HENSAIHOU8","R_KANKAKU1","R_RIBARAIHOU1","R_RBRKANKAKU1","20180106","20180106",,,,0,0.00000,0.00000,,,,"R_SIKINSITOM129","06","R_ADJHASU0",,20,417000,0,0,,,,,,,,,,,,,,,,,,,,,,,,,,,,,0,"R_RINGISYURUI4","R_SIKINSITO1","20171215","61",0,0,,,,,,0,0,"1",0,0,0.00000,,,"0",,"02",,,,,,,"0","00",,0.00000,,,,"0",,"0",,,,"0",0,0,0,0.00000,,0,0,0,0.00000,,,,,,,0.00000,"1",0,0,"1","20050930",,,2000000,12000000,"20191030",2017/10/25 11:18:55.197,"31001       ",2017/10/25 11:18:55.197,"31001       "
"17300072","17300054","R_RINGIKAMOKU33","20171115","20190706","10304",,1000000,3.00000,,,"R_RIRITUHENDO01",,,"R_HENSAIHOU4","R_KANKAKU1","R_RIBARAIHOU1","R_RBRKANKAKU1","20171206","20171206",,,,,0.00000,0.00000,,,,"R_SIKINSITOM357","06","R_ADJHASU0",,20,51322,,,,,,,,,,,,,,,,,,,,,,,,,,,,,,,,"R_RINGISYURUI4","R_SIKINSITO3","20171115","10",0,,,,,,,,,,,,,,,,,,,,,,,,,,,,,,,,,,,,,,,,,,,,,,,,,,,,,,,,,,"20171206",,,,,,2017/10/25 11:51:26.657,"31001       ",2017/10/25 11:51:26.657,"31001       "
"17300073","17300055","R_RINGIKAMOKU33","20171115","20190706","10001","1001",1000000,3.00000,,,"R_RIRITUHENDO01",,,"R_HENSAIHOU4","R_KANKAKU1","R_RIBARAIHOU1","R_RBRKANKAKU1","20171206","20171206",,,,,0.00000,0.00000,,,,"R_SIKINSITOM230","06","R_ADJHASU0",,20,51322,,,,,,,,,,,,,,,,,,,,,,,,,,,,,,,,"R_RINGISYURUI4","R_SIKINSITO2","20171115","72",0,,,,,,,,,,,,,,,,,,,,,,,,,,,,,,,,,,,,,,,,,,,,,,,,,,,,,,,,,,"20171206",,,,,,2017/10/25 14:25:42.510,"31001       ",2017/10/25 14:25:42.510,"31001       "
"17300075","17300074","R_RINGIKAMOKU33","20171115","20190706","10001","1001",1000000,3.00000,"R_RIRITUTEKI03",,"R_RIRITUHENDO03",,0.00000,"R_HENSAIHOU4","R_KANKAKU1","R_RIBARAIHOU1","R_RBRKANKAKU1","20171206","20171206",,,,,0.20000,0.10000,,,,"R_SIKINSITOM230","06","R_ADJHASU0",,20,51322,,,,,,,,,,,,,,,,,,,,,,,,,,,,,,,,"R_RINGISYURUI4","R_SIKINSITO2","20171115","72",0,,,"20171024",,"R_KINRIKBN2",,,,,,,,,,,,,,,,"20171001",,,,,,,,,,,,,,,,,,,,,,,,,,,,,,,,,,,,,"20171206",,,,,,2017/10/25 19:49:18.500,"31001       ",2017/10/25 19:49:18.500,"31001       "
"17300082","17300054","R_RINGIKAMOKU33","20171115","20190706","10304","1001",1000000,3.00000,,,"R_RIRITUHENDO01",,,"R_HENSAIHOU4","R_KANKAKU1","R_RIBARAIHOU1","R_RBRKANKAKU1","20171206","20171206",,,,,,,,,,"R_SIKINSITOM357","06","R_ADJHASU0",,20,51322,,,,,,,,,,,,,,,,,,,,,,,,,,,,,,,,"R_RINGISYURUI4","R_SIKINSITO3","20171115","72",0,,,,,,,,,,,,,,,,,,,,,,,,,,,,,,,,"20171025",,,,,,,,,,,,,,,,,,,,,,,,,,"20171206",,,,,,2017/11/02 14:11:34.467,"31001       ",2017/11/02 14:11:34.467,"31001       "
"17300087","17300055","R_RINGIKAMOKU33","20171115","20190706","10001","1001",1000000,3.00000,"R_RIRITUTEKI03",,"R_RIRITUHENDO03",,0.00000,"R_HENSAIHOU4","R_KANKAKU1","R_RIBARAIHOU1","R_RBRKANKAKU1","20171206","20171206",,,,,0.20000,0.10000,,,,"R_SIKINSITOM230","06","R_ADJHASU0",,20,51322,,,,,,,,,,,,,,,,,,,,,,,,,,,,,,,,"R_RINGISYURUI4","R_SIKINSITO2","20171115","72",0,,,"20171024",,"R_KINRIKBN2",,,,,,,,,,,,,,,,"20171001",,,,"2",,,,,,,,,,,,,,,,,,,,,,,,,,,,,,,,,"20171206",,,,,,2017/11/08 17:18:26.803,"31001       ",2017/11/08 17:18:26.803,"31001       "
"17300100","17300059","R_RINGIKAMOKU33","20171115","20190706","10001","1001",1000000,3.00000,,,"R_RIRITUHENDO03",,,"R_HENSAIHOU4","R_KANKAKU1","R_RIBARAIHOU1","R_RBRKANKAKU1","20171206","20171206",,,,,0.00000,0.00000,,,,"R_SIKINSITOM230","06","R_ADJHASU0",,20,51322,,,,,,,,,,,,,,,,,,,,,,,,,,,,,,,,"R_RINGISYURUI4","R_SIKINSITO2","20171115","72",0,,,,,"R_KINRIKBN2",,,,,,,,,,,,,,,,"20171201",,,,,,,,,,,,,,,,,,,,,,,,,,,,,,,,,,,,,"20171206",,,,,,2017/11/22 23:43:31.863,"31001       ",2017/11/22 23:43:31.863,"31001       "
"17300106","17300104","R_RINGIKAMOKU33","20171115","20190706","10001","1001",1000000,3.00000,"R_RIRITUTEKI03",,"R_RIRITUHENDO03",,0.30000,"R_HENSAIHOU4","R_KANKAKU1","R_RIBARAIHOU1","R_RBRKANKAKU1","20171206","20171206",,,,,0.20000,0.30000,,,,"R_SIKINSITOM230","06","R_ADJHASU0",,20,51322,,,,,,,,,,,,,,,,,,,,,,,,,,,,,,,,"R_RINGISYURUI4","R_SIKINSITO2","20171115","72",0,,,"20171128",,,,,,,,,,,,,,,,,,,,,,,,,,,,,,,,,,,,,,,,,,,,,,,,,,,,,,,"20171206",,,,,,2017/11/29 18:07:59.590,"31001       ",2017/11/29 18:07:59.590,"31001       "
"17300107","17300106","R_RINGIKAMOKU33","20171115","20190706","10001","1001",1000000,3.00000,"R_RIRITUTEKI03",,"R_RIRITUHENDO03",,0.30000,"R_HENSAIHOU4","R_KANKAKU1","R_RIBARAIHOU1","R_RBRKANKAKU1","20171206","20171206",,,,,0.50000,0.30000,,,,"R_SIKINSITOM230","06","R_ADJHASU0",,20,51322,,,,,,,,,,,,,,,,,,,,,,,,,,,,,,,,"R_RINGISYURUI4","R_SIKINSITO2","20171115","72",0,,,"20171128",,,,,,,,,,,,,,,,,,,,,,,,,,,,,,,,,,,,,,,,,,,,,,,,,,,,,,,"20171206",,,,,,2017/11/29 18:37:33,"31001       ",2017/11/29 18:37:33,"31001       "
"17300109","17300107","R_RINGIKAMOKU33","20171115","20190706","10001","1001",1000000,3.00000,"R_RIRITUTEKI03",,"R_RIRITUHENDO03",,0.30000,"R_HENSAIHOU4","R_KANKAKU1","R_RIBARAIHOU1","R_RBRKANKAKU1","20171206","20171206",,,,,0.20000,0.30000,,,,"R_SIKINSITOM230","06","R_ADJHASU0",,20,51322,,,,,,,,,,,,,,,,,,,,,,,,,,,,,,,,"R_RINGISYURUI4","R_SIKINSITO2","20171115","72",0,,,"20171129",,,,,,,,,,,,,,,,,,,,,,,,,,,,,,,,,,,,,,,,,,,,,,,,,,,,,,,"20171206",,,,,,2017/11/30 18:15:08.470,"31001       ",2017/11/30 18:15:08.470,"31001       "
"17300111","17300110","R_RINGIKAMOKU33","20171215","20190806","10304",,1000000,3.00000,,,"R_RIRITUHENDO01",,,"R_HENSAIHOU4","R_KANKAKU1","R_RIBARAIHOU1","R_RBRKANKAKU1","20180106","20180106",,,,,,,,,,"R_SIKINSITOM357","06","R_ADJHASU0",,20,51322,,,,,,,,,,,,,,,,,,,,,,,,,,,,,,,,"R_RINGISYURUI4","R_SIKINSITO3","20171215","90",0,,"20171129",,,,,,,,,,,,,,,,,,,,,,,,,,,,,,,,,,,,,,,,,,,,,,,,,,,,,,,,"20180106",,,,,,2017/12/04 17:08:00.160,"31001       ",2017/12/04 17:08:00.160,"31001       "
"17300112","17300047","R_RINGIKAMOKU32","20171214","20181114","60615",,1000000,3.00000,,,,,,"",,,,,,,,,,,,,,,"",,,,,,,,,,,,,,,,,,,,,,,,,,,,,,,,,,,,,"R_RINGISYURUI4",,"20171214","10",0,,,,,,,,,,,,,,,,,,,,,,,,,,,,,,,,,,,,,,,,,,,,,,,,,,,,,,,,,,,,,,,,2017/12/07 15:54:39.760,"31001       ",2017/12/07 15:54:39.760,"31001       "
"17300118","17300071","R_RINGIKAMOKU38","20171215","20191030","10210","1001",12000000,3.92500,,,"R_RIRITUHENDO03",,,"","R_KANKAKU1","R_RIBARAIHOU1","R_RBRKANKAKU1","20180106","20180106",,,,0,0.00000,0.00000,,,,"R_SIKINSITOM129","06","R_ADJHASU0",,20,417000,0,0,,,,,,,,,,,,,,,,,,,,,,,,,,,,,0,"R_RINGISYURUI4","R_SIKINSITO1","20171215","61",0,0,,,,,,0,0,"1",0,0,0.00000,,,"0",,"02",,,,,,,"0","00",,0.00000,,,,"0",,"0",,,,"0",0,0,0,0.00000,,0,0,0,0.00000,,,,,,,0.00000,"1",0,0,"1","20050930",,,12000000,12000000,"20191030",2017/12/15 12:14:53.260,"31001       ",2017/12/15 12:14:53.260,"31001       "
"17300187","17300065","R_RINGIKAMOKU38","20180202","20191030","10002",,12000000,0.00000,,,,,,,,,,,,,,,,,,,,,,,,,,,,,,,,,,,,,,,,,,,,,,,,,,,,,,,,,,"R_RINGISYURUI4",,,,,,,,,,,,,,,,,0,,,,,,,,,,,,,0,,,,,,,,,,0,,,,,,,,,,,,,"20171018",,,,,,,,,,,,0,12000000,"20191030",2018/03/23 18:22:02.383,"31001       ",2018/03/23 18:22:02.383,"31001       "
"17300188","17300065","R_RINGIKAMOKU38","20180202","20191030","10002",,12000000,0.00000,,,,,,,,,,,,,,,,,,,,,,,,,,,,,,,,,,,,,,,,,,,,,,,,,,,,,,,,,,"R_RINGISYURUI4",,,,,,,,,,,,,,,,,0,,,,,,,,,,,,,0,,,,,,,,,,0,,,,,,,,,,,,,"20171018",,,,,,,,,,,,0,12000000,"20191030",2018/03/23 19:35:14.333,"31001       ",2018/03/23 19:35:14.333,"31001       "
"18300010","17300065","R_RINGIKAMOKU38","20171215","20191030","10210","1001",12000000,3.92500,,,"R_RIRITUHENDO03",,,,"R_KANKAKU1","R_RIBARAIHOU1","R_RBRKANKAKU1","20180106","20180106",,,,0,0.00000,0.00000,,,,"R_SIKINSITOM129","06","R_ADJHASU0",,20,417000,0,0,,,,,,,,,,,,,,,,,,,,,,,,,,,,,0,"R_RINGISYURUI4","R_SIKINSITO1","20171215","61",0,0,,,,,,0,0,"1",0,0,0.00000,0,,"0",,"02",,,,,,,"0","00",1,0.00000,,,,"0",,"0",,,0,"0",0,0,0,0.00000,,0,0,0,0.00000,,,,,,,0.00000,"1",0,0,"1","20050930",,,0,12000000,"20191030",2018/04/27 18:08:11.980,"31001       ",2018/04/27 18:08:11.980,"31001       "
"18300036","18300035","R_RINGIKAMOKU33","20171115","20190706","10001",,1000000,3.00000,,,"R_RIRITUHENDO01",,,"R_HENSAIHOU4","R_KANKAKU1","R_RIBARAIHOU1","R_RBRKANKAKU1","20181206","20181206",,,,,0.00000,0.00000,,,,"R_SIKINSITOM230","06","R_ADJHASU2",,8,144286,,,,,,,,,,,,,,,,,,,,,,,,,,,,,,,,"R_RINGISYURUI4","R_SIKINSITO2","20181115","72",0,,,,,,,,,,,,,,,,,,,,,,,,,,,,,,,,,,,,,,,,,,,,,,,,,,,,,,,,,,"20181206",,,,,,2018/07/31 16:57:15.183,"014999      ",2018/07/31 16:57:15.183,"014999      "
"18300038","18300037","R_RINGIKAMOKU33","20171115","20190706","10001",,1000000,3.00000,,,"R_RIRITUHENDO01",,,"R_HENSAIHOU4","R_KANKAKU1","R_RIBARAIHOU1","R_RBRKANKAKU1","20181206","20181206",,,,,0.00000,0.00000,,,,"R_SIKINSITOM230","06","R_ADJHASU2",,8,144286,,,,,,,,,,,,,,,,,,,,,,,,,,,,,,,,"R_RINGISYURUI4","R_SIKINSITO2","20181115","72",0,,,,,,,,,,,,,,,,,,,,,,,,,,,,,,,,,,,,,,,,,,,,,,,,,,,,,,,,,,"20181206",,,,,,2018/07/31 17:11:10.737,"014999      ",2018/07/31 17:11:10.737,"014999      "
"18300056","18300053","R_RINGIKAMOKU33","20181115","20190706","10001",,1000000,3.00000,,,"R_RIRITUHENDO01",,,"R_HENSAIHOU4","R_KANKAKU1","R_RIBARAIHOU1","R_RBRKANKAKU1","20181206","20181206",,,,,0.00000,0.00000,,,,"R_SIKINSITOM230","06","R_ADJHASU2",,8,144286,,,,,,,,,,,,,,,,,,,,,,,,,,,,,,,20,"R_RINGISYURUI4","R_SIKINSITO2","20181115","72",0,,,,,,,,,,,,,,,,,,,,,,,,,,,,,,,,,,,,,,,,,,,,,,,,,,,,,,,,,,"20181206",,,,,,2018/08/01 10:52:01.743,"014999      ",2018/08/01 10:52:01.743,"014999      "
"18300071","18300062","R_RINGIKAMOKU33","20181001","20181201","99912","1001",1000000,2.50000,,,"R_RIRITUHENDO01",,,"R_HENSAIHOU4","R_KANKAKU0","R_RIBARAIHOU2","R_RBRKANKAKU1","20181101","20181101",,,,,0.00000,0.00000,,,,"R_SIKINSITOM129","01",,,,,,,,,,,,,,,,,,,,,,,,,,,,,,,,,,,,"R_RINGISYURUI4","R_SIKINSITO1","20181001","61",0,,,,,,"R_RSPNSBLTY2",,,,,,,,,,,,,,,,,,,,,,,,,,,,,,,,,,,,,,,,,,,,,,,,,,,,"20181101",,,,,,2018/08/16 18:23:16.717,"014001      ",2018/08/16 18:23:16.717,"014001      "
"18300072","18300062","R_RINGIKAMOKU33","20181001","20181201","99912","1001",1000000,2.50000,,,"R_RIRITUHENDO01",,,"R_HENSAIHOU4","R_KANKAKU0","R_RIBARAIHOU2","R_RBRKANKAKU1","20181101","20181101",,,,,0.00000,0.00000,,,,"R_SIKINSITOM129","01",,,,,,,,,,,,,,,,,,,,,,,,,,,,,,,,,,,,"R_RINGISYURUI4","R_SIKINSITO1","20181001","61",0,,,,,,"R_RSPNSBLTY2",,,,,,,,,,,,,,,,,,,,,,,,,,,,,,,,,,,,,,,,,,,,,,,,,,,,"20181101",,,,,,2018/08/16 19:06:02.380,"014001      ",2018/08/16 19:06:02.380,"014001      "
"18300073","18300063","R_RINGIKAMOKU33","20181115","20190115","99912","1001",2500000,1.50000,,,"R_RIRITUHENDO01",,,"R_HENSAIHOU1","R_KANKAKU0","R_RIBARAIHOU2","R_RBRKANKAKU1",,,,,,,,,,,,"R_SIKINSITOM230",,,,,,,,,,,,,,,,,,,,,,,,,,,,,,,,,,,,,"R_RINGISYURUI4","R_SIKINSITO2","20181115","71",0,,,,,,"R_RSPNSBLTY1",,,,,,,,,,,,,,,,,,,,,,,,"20181201",,,,,,,,,,,,,,,,,"20181115",,,,,,,,,,,,,,,,,2018/08/16 20:50:00.530,"014001      ",2018/08/16 20:50:00.530,"014001      "
"18300076","18300050","R_RINGIKAMOKU32","20181025","20191030",,,12000000,3.00000,,,,,,,,,,,,,,,,,,,,,,,,,,,,,,,,,,,,,,,,,,,,,,,,,,,,,,,,,,,,,,,,,,,,,,,,,,,,,,,,,,,,,,,,,,,,,,,,,,,,,,,,,,,,,,,,,,,,,,,,,,,,,,2018/08/17 14:05:32.727,"014001      ",2018/08/17 14:05:32.727,"014001      "
"18300088","18300048","R_RINGIKAMOKU33","20181010","20280825","60231","4050",20000000,3.00000,,,"R_RIRITUHENDO01",,,"R_HENSAIHOU2","R_KANKAKU1","R_RIBARAIHOU1","R_RBRKANKAKU1","20181025","20181025",,,,,,,,,,"R_SIKINSITOM351","06","R_ADJHASU2",,120,,0,,,,,,,,,,,,,,,,,,,,,,,,,,,,,,8100000,"R_RINGISYURUI4","R_SIKINSITO3","20180910","71",0,,,,,,,,,,,,,,,,,,,,,"20180910",,,,,,,,,"20181201",,,,,,,,,,,,,,,,,"20280825","20280825","20180910",,,,,,,,,"20181025",,,,,,2018/08/21 16:22:43.993,"014001      ",2018/08/21 16:22:43.993,"014001      "
"18300090","18300065","R_RINGIKAMOKU33","20181217","20200725","60231","4050",30000000,1.50000,,,"R_RIRITUHENDO01",,,"R_HENSAIHOU2","R_KANKAKU1","R_RIBARAIHOU1","R_RBRKANKAKU1",,,,,,,,,,,,"R_SIKINSITOM351","25","R_ADJHASU2",,,,,,,,,,,,,,,,,,,,,,,,,,,,,,,,,,,"R_RINGISYURUI4","R_SIKINSITO3","20181217","71",0,,,,,,,,,,,,,,,,,,,,,,,,,,,,,,"20190101",,,,,,,,,,,,,,,,,,,,,,"R_DANSINKBN1",,,,,,"20190125",,,,,,2018/08/21 17:50:54.320,"014001      ",2018/08/21 17:50:54.320,"014001      "
"18300101","18300050","R_RINGIKAMOKU32","20190301","20190401",,,1000000,3.00000,,,,,,,,,,,,,,,,,,,,,,,,,,,,,,,,,,,,,,,,,,,,,,,,,,,,,,,,,,"R_RINGISYURUI4",,"20190301",,0,,,,,,,,,,,,,,,,,,,,,,,,,,,,,,,,,,,,,,,,,,,,,,,,,,,,,,,,,,,,,0,12000000,"20191030",2018/08/28 18:17:22.813,"014001      ",2018/08/28 18:17:22.813,"014001      "
"18300103","18300060","R_RINGIKAMOKU32","20181025","20191030",,,13000000,1.50000,,,,,,,,,,,,,,,,,,,,,,,,,,,,,,,,,,,,,,,,,,,,,,,,,,,,,,,,,,,,,,,,,,,,,,,,,,,,,,,,,,,,,,,,,,,,,,,,,,,,,,,,,,,,,,,,,,,,,,,,,,,,,,2018/08/29 16:22:36.110,"014001      ",2018/08/29 16:22:36.110,"014001      "
"18300106","18300101","R_RINGIKAMOKU32","20190301","20190401",,,1000000,3.00000,,,,,,,,,,,,,,,,,,,,,,,,,,,,,,,,,,,,,,,,,,,,,,,,,,,,,,,,,,"R_RINGISYURUI4",,"20190301",,0,,,,,,,,,,,,,,,,,,,,,,,,,,,,,,,,,,,,,,,,,,,,,,,,,,,,,,,,,,,,,0,12000000,"20191030",2018/08/29 18:06:20.487,"014001      ",2018/08/29 18:06:20.487,"014001      "
"18300107","18300103","R_RINGIKAMOKU32","20190301","20190401",,,1000000,3.00000,,,,,,,,,,,,,,,,,,,,,,,,,,,,,,,,,,,,,,,,,,,,,,,,,,,,,,,,,,"R_RINGISYURUI4",,"20190301",,0,,,,,,,,,,,,,,,,,,,,,,,,,,,,,,,,,,,,,,,,,,,,,,,,,,,,,,,,,,,,,0,13000000,"20191030",2018/08/29 19:21:17.027,"014001      ",2018/08/29 19:21:17.027,"014001      "
"18300109","18300101","R_RINGIKAMOKU32","20190301","20190401",,,1000000,3.00000,,,,,,,,,,,,,,,,,,,,,,,,,,,,,,,,,,,,,,,,,,,,,,,,,,,,,,,,,,"R_RINGISYURUI4",,"20190301",,0,,,,,,,,,,,,,,,,,,,,,,,,,,,,,,,,,,,,,,,,,,,,,,,,,,,,,,,,,,,,,0,12000000,"20191030",2018/08/29 21:50:47.517,"014001      ",2018/08/29 21:50:47.517,"014001      "
"18300111","18300110","R_RINGIKAMOKU33","20181214","20200806","60231",,1000000,3.00000,,,,,,"R_HENSAIHOU4","R_KANKAKU1","R_RIBARAIHOU1","R_RBRKANKAKU1","20190106","20190106",,,,,,,,,,"R_SIKINSITOM357","06",,,,,,,,,,,,,,,,,,,,,,,,,,,,,,,,,,,,"R_RINGISYURUI4","R_SIKINSITO3","20181214","71",0,,,"20180829",,,,,,,,,,,,,,,"1140400","7010400",,,,,,,,,,,,,,,,,,,,,,,,,,,,,,,,,,,,,,,"20190106",,,,,,2018/08/30 19:10:55.617,"014001      ",2018/08/30 19:10:55.617,"014001      "
"18300123","18300121","R_RINGIKAMOKU33","20181101","20381030","14725","14725",139000000,0.74000,"R_RIRITUTEKI03",,"R_RIRITUHENDO03",,1.00000,"R_HENSAIHOU4","R_KANKAKU1","R_RIBARAIHOU1","R_RBRKANKAKU1","20181130","20181130",,,,,1.00000,1.00000,,,,"R_SIKINSITOM244","30","R_ADJHASU0",,240,51322,,,,,,,,,,,,,,,,,,,,,,,,,,,,,,,,"R_RINGISYURUI4","R_SIKINSITO2","20181101","72",0,,,,,,,,,,,,,,,,,,,,,,,,,,,,,,,,,,,,,,,,,,,,,,,,,,,,,,,,,,"20181130",,,,,,2018/09/14 18:20:31.257,"014999      ",2018/09/14 18:20:31.257,"014999      "
"18300126","18300125","R_RINGIKAMOKU33","20181102","20181201","99912","1001",1000000,2.50000,,,"R_RIRITUHENDO01",,,"R_HENSAIHOU1","R_KANKAKU0","R_RIBARAIHOU2","R_RBRKANKAKU1","20181201","20181201",,,,,,,,,,"R_SIKINSITOM129","01","R_ADJHASU0",,1,,,,,,,,,,,,,,,,,,,,,,,,,,,,,,,,,"R_RINGISYURUI4","R_SIKINSITO1","20181102","61",0,,"20171129",,,,,,,,,,,,,,,,,,,"20181101",,,,,,,,,,,,,,,,,,,,,,,,,,,,,,,,,,,,,"20181201",,,,,,2018/09/14 20:32:01.200,"014001      ",2018/09/14 20:32:01.200,"014001      "
"18300132","18300131","R_RINGIKAMOKU32","20190301","20190401",,,1000000,3.00000,,,,,,,,,,,,,,,,,,,,,,,,,,,,,,,,,,,,,,,,,,,,,,,,,,,,,,,,,,"R_RINGISYURUI4",,"20190301",,0,,,,,,,,,,,,,,,,,,,,,,,,,,,,,,,,,,,,,,,,,,,,,,,,,,,,,,,,,,,,,0,12000000,"20191030",2018/09/21 17:55:45.293,"014001      ",2018/09/21 17:55:45.293,"014001      "
"18300145","18300088","R_RINGIKAMOKU33","20171115","20190706","10001","1001",1000000,3.00000,"R_RIRITUTEKI03",,"R_RIRITUHENDO03",,0.30000,"R_HENSAIHOU4","R_KANKAKU1","R_RIBARAIHOU1","R_RBRKANKAKU1","20171206","20171206",,,,,0.50000,0.30000,,,,"R_SIKINSITOM230","06","R_ADJHASU0",,20,51322,,,,,,,,,,,,,,,,,,,,,,,,,,,,,,,,"R_RINGISYURUI4","R_SIKINSITO2","20171115","72",0,,"20171129",,,,,,,,,,,,,,,,,,,,,,,,,,,,,,,,,,,,,,,,,,,,,,,,,,,,,,,,"20181101",,,,,,2018/10/02 18:44:27.367,"014001      ",2018/10/02 18:44:27.367,"014001      "
"18300150","18300149","R_RINGIKAMOKU33","20171115","20190706","10001","1001",1000000,3.00000,"R_RIRITUTEKI03",,"R_RIRITUHENDO03",,0.30000,"R_HENSAIHOU4","R_KANKAKU1","R_RIBARAIHOU1","R_RBRKANKAKU1","20171206","20171206",,,,,0.50000,0.30000,,,,"R_SIKINSITOM230","06","R_ADJHASU0",,20,51322,,,,,,,,,,,,,,,,,,,,,,,,,,,,,,,,"R_RINGISYURUI4","R_SIKINSITO2","20171115","72",0,,"20171129",,,,,,,,,,,,,,,,,,,,,,,,,,,,,,,,,,,,,,,,,,,,,,,,,,,,,,,,"20181101",,,,,,2018/10/09 12:47:11.097,"014001      ",2018/10/09 12:47:11.097,"014001      "
"18300151","18300148","R_RINGIKAMOKU33","20171115","20190706","60231","1001",1000000,3.00000,"R_RIRITUTEKI03",,"R_RIRITUHENDO03",,0.30000,"R_HENSAIHOU4","R_KANKAKU1","R_RIBARAIHOU1","R_RBRKANKAKU1","20181101","20171206",,,,,0.50000,0.30000,,,,"R_SIKINSITOM230","06","R_ADJHASU0",,20,51322,,,,,,,,,,,,,,,,,,,,,,,,,,,,,,,,"R_RINGISYURUI4","R_SIKINSITO2","20171115","71",0,,"20171129",,,,,,,,,,,,,,,,,,,,,,,,,,,,,,,,,,,,,,,,,,,,,,,,,,,,,,,,"20181101",,,,,,2018/10/09 13:37:17.013,"014001      ",2018/10/09 13:37:17.013,"014001      "
"18300152","18300149","R_RINGIKAMOKU33","20171115","20190706","50163","4007",1000000,3.00000,"R_RIRITUTEKI03",,"R_RIRITUHENDO03",,0.30000,"R_HENSAIHOU4","R_KANKAKU1","R_RIBARAIHOU1","R_RBRKANKAKU1","20171206","20171206",,,,,0.50000,0.30000,,,,"R_SIKINSITOM230","06","R_ADJHASU0",,20,51322,,,,,,,,,,,,,,,,,,,,,,,,,,,,,,,,"R_RINGISYURUI4","R_SIKINSITO2","20171115","71",0,,"20171129",,,,,,,,,,,,,,,,,,,,,,,"1",,,,,,,,,,,,,,,,,,,,,,,,,,,,,,,,,"20181101",,,,,,2018/10/09 13:45:15.993,"014001      ",2018/10/09 13:45:15.993,"014001      "
"18300153","18300111","R_RINGIKAMOKU33","20181214","20200806","60231",,1000000,3.00000,,,,,,"R_HENSAIHOU4","R_KANKAKU1","R_RIBARAIHOU1","R_RBRKANKAKU1","20190106","20190106",,,,,,,,,,"R_SIKINSITOM357","06",,,,,,,,,,,,,,,,,,,,,,,,,,,,,,,,,,,,"R_RINGISYURUI4","R_SIKINSITO3","20181214","71",0,,,"20180829",,,,,,,,,,,,,,,,,,,,,,,,,,,,,,,,,,,,,,,,,,,,,,,,,,,,,,,"20190106",,,,,,2018/10/10 14:33:07.800,"014001      ",2018/10/10 14:33:07.800,"014001      "
"18300158","18300156","R_RINGIKAMOKU33","20190911","20200706","10001","1001",1000000,3.00000,"R_RIRITUTEKI03",,"R_RIRITUHENDO01",,0.30000,"R_HENSAIHOU2","R_KANKAKU1","R_RIBARAIHOU1","R_RBRKANKAKU1","20191006","20191006",,,,,0.50000,0.30000,,,,"R_SIKINSITOM244","06","R_ADJHASU0",,20,51322,,,,,,,,,,,,,,,,,,,,,,,,,,,,,,,,"R_RINGISYURUI4","R_SIKINSITO2","20190911","72",0,,"20191129",,,,,,,,,,,,,,,,,,,,,,,,,,,,,,,,,,,,,,,,,,,,,,,,,,,,,,,,"20171206",,,,,,2018/10/10 18:47:52.600,"001         ",2018/10/10 18:47:52.600,"001         "
"18300175","18300164","R_RINGIKAMOKU33","20190708","20290731","52200","4050",37000000,0.60000,"R_RIRITUTEKI04",,"R_RIRITUHENDO02",,0.00000,"R_HENSAIHOU4","R_KANKAKU1","R_RIBARAIHOU1","R_RBRKANKAKU1","20190801","20190801",,,,,-1.80000,-1.80000,,,,"R_SIKINSITOM353","31","R_ADJHASU0",,120,317752,,,,,,,,,,,,,,,,,,,,,,,,,,,,,,,,"R_RINGISYURUI4","R_SIKINSITO3",,"71",0,,,,,"R_KINRIKBN5",,,,,,,,,,,,,,,,,,,,,,,,,,,,,,,,,,,,,,,,,,,,,,,,,,,,,"20190801",,,,,,2018/11/06 15:31:04.933,"10001       ",2018/11/06 15:31:04.933,"10001       "
"18300178","18300166","R_RINGIKAMOKU33","20190708","20290731","52200","4050",10900000,1.00000,"R_RIRITUTEKI04",,"R_RIRITUHENDO02",,0.00000,"R_HENSAIHOU4","R_KANKAKU1","R_RIBARAIHOU1","R_RBRKANKAKU1","20190801","20190801",,,,,-1.80000,-1.90000,,,,"R_SIKINSITOM355","31","R_ADJHASU0",,120,95488,,,,,,,,,,,,,,,,,,,,,,,,,,,,,,,,"R_RINGISYURUI4","R_SIKINSITO3",,"71",0,,,,,"R_KINRIKBN10",,,,,,,,,,,,,,,,"20181130",,,,,,,,,,,,,,,,,,,,,,,,,,,,,,,,,,,,,"20190801",,,,,,2018/11/07 11:20:44.817,"10001       ",2018/11/07 11:20:44.817,"10001       "
"18300233","18300232","R_RINGIKAMOKU33","20190215","20201206","10800","4015",100000,7.00000,,,"R_RIRITUHENDO01",,,"R_HENSAIHOU4","R_KANKAKU1","R_RIBARAIHOU1","R_RBRKANKAKU1","20190306","20190306",,,,,,,,,,"R_SIKINSITOM230","06","R_ADJHASU0",,22,4856,,,,,,,,,,,,,,,,,,,,,,,,,,,,,,,,"R_RINGISYURUI4","R_SIKINSITO2",,"73",0,,,,,,,,,,,,,,,,,,,,,,,,,,,,,,,,,,,,,,,,,,,,,,,,,,,,,,,,,,"20190306",,,,,,2019/02/05 17:35:26.267,"31001       ",2019/02/05 17:35:26.267,"31001       "
"18300241","18300235","R_RINGIKAMOKU32","20190625","20200214","99921","1001",1000000,3.00000,,,"R_RIRITUHENDO01",,,"R_HENSAIHOU1",,"R_RIBARAIHOU2","R_RBRKANKAKU1","20190725",,,,,,,,,,,"R_SIKINSITOM230","25",,,1,,,,,,,,,,,,,,,,,,,,,,,,,,,,,,,,,"R_RINGISYURUI4","R_SIKINSITO2",,"61",0,,,,,,"R_RSPNSBLTY9",,,,,,,,,,,,,,,,,,,,,,,,,,,,,,,,,,,,,,,,,,,,,,,,,,,,,,,,,,2019/03/05 13:46:49.377,"31001       ",2019/03/05 13:46:49.377,"31001       "
"18300250","18300249","R_RINGIKAMOKU32","20190625","20200214","10900","1001",1000000,1.60000,,,"R_RIRITUHENDO01",,,"R_HENSAIHOU1",,"R_RIBARAIHOU2","R_RBRKANKAKU1","20190725",,,,,,,,,,,"R_SIKINSITOM129","25",,,1,,,,,,,,,,,,,,,,,,,,,,,,,,,,,,,,,"R_RINGISYURUI4","R_SIKINSITO1",,"71",0,,,,,,,,,,,,,,,,,,,,,,,,,,,,,,,,,,,,,,,,,,,,,,,,,,,,,,,,,,,,,,,,2019/03/07 16:38:19.043,"31001       ",2019/03/07 16:38:19.043,"31001       "
"18300263","18300259","R_RINGIKAMOKU33","20190415","20201206","60231","4050",500000,1.50000,,,"R_RIRITUHENDO01",,,"R_HENSAIHOU4","R_KANKAKU1","R_RIBARAIHOU1","R_RBRKANKAKU1","20190506","20190506",,,,,,,,,,"R_SIKINSITOM357","06","R_ADJHASU0",,20,25329,,,,,,,,,,,,,,,,,,,,,,,,,,,,,,,,"R_RINGISYURUI4","R_SIKINSITO3",,"71",0,,,,,,,,,,,,,,,,,,,,,,,,,,,,,,,,,,,,,,,,,,,,,,,,,,,,,,,,,,"20190506",,,,,,2019/03/11 13:30:47.130,"31001       ",2019/03/11 13:30:47.130,"31001       "
"18300265","18300264","R_RINGIKAMOKU33","20190415","20201206","60233","4049",550000,1.30000,"R_RIRITUTEKI03",,"R_RIRITUHENDO01",,0.30000,"R_HENSAIHOU3","R_KANKAKU2","R_RIBARAIHOU1","R_RBRKANKAKU1","20190506","20190506",,,,110,0.50000,0.30000,,,,"R_SIKINSITOM357","06","R_ADJHASU0",,20,25327,33,3,"201906","06","12",,,,,,,,,,,,,,,,,,,,,,,,,,,"R_RINGISYURUI4","R_SIKINSITO3",,"71",0,,,,,,,,,,,,,,,,,,,,,,,,,,,,,,,,,,,,,,,,,,,,,,,,,,,,,,,,,,"20190506",,,,,,2019/03/11 16:48:18.080,"31001       ",2019/03/11 16:48:18.080,"31001       "
"18300267","18300266","R_RINGIKAMOKU32","20190920","20200820",,,1000000,3.00000,,,,,,,,,," ",,,,,,,,,,,," ",,,,,,,,,,,,,,,,,,,,,,,,,,,,,,,,,,,,"R_RINGISYURUI4",,,,0,,,,,,,,,,,,,,,,,,,,,,,,,,,,,,,,,,,,,,,,,,,,,,,,,,,,,,,,,,,,,1000000,1000000,,2019/03/13 10:42:25.937,"31001       ",2019/03/13 10:42:25.937,"31001       "
"18300273","18300272","R_RINGIKAMOKU33","20190911","20210506","99912","1001",1000000,3.00000,,,"R_RIRITUHENDO01",,,"R_HENSAIHOU2","R_KANKAKU1","R_RIBARAIHOU2","R_RBRKANKAKU1","20191006","20191006",,,,,,,,,,"R_SIKINSITOM230","06","R_ADJHASU0",,20,50000,,,,,,,,,,,,,,,,,,,,,,,,,,,,,,,,"R_RINGISYURUI4","R_SIKINSITO2",,"61",0,,,,,,"R_RSPNSBLTY1",,,,,,,,,,,,,,,,,,,,,,,,,,,,,,,,,,,,,,,,,,,,,,,,,,,,"20191006",,,,,,2019/03/15 12:01:08.243,"31001       ",2019/03/15 12:01:08.243,"31001       "
"18300275","18300274","R_RINGIKAMOKU32","20190911","20210506","12068","1001",1000000,3.00000,,,"R_RIRITUHENDO01",,1.00000,"R_HENSAIHOU2","R_KANKAKU1","R_RIBARAIHOU2","R_RBRKANKAKU1","20191006","20191006",,,,,1.00000,1.00000,,,,"R_SIKINSITOM230","06",,,20,50000,,,,,,,,,,,,,,,,,,,,,,,,,,,,,,,,"R_RINGISYURUI4","R_SIKINSITO2",,"10",0,,,,,,"R_RSPNSBLTY1",,,,,,,,,,,,,,,,,,,,,,,,,,,,,,,,,,,,,,,,,,,,,,,,,,,,"20191006",,,,,,2019/03/15 14:30:09.527,"31001       ",2019/03/15 14:30:09.527,"31001       "
"18300281","18300279","R_RINGIKAMOKU32","20190625","20200214","99921","1001",1000000,3.00000,,,"R_RIRITUHENDO01",,,"R_HENSAIHOU1",,"R_RIBARAIHOU2","R_RBRKANKAKU1","20190725",,,,,,,,,,,"R_SIKINSITOM230","25",,,1,,,,,,,,,,,,,,,,,,,,,,,,,,,,,,,,,"R_RINGISYURUI4","R_SIKINSITO2",,"61",0,,,,,,"R_RSPNSBLTY1",,,,,,,,,,,,,,,,,,,,,,,,,,,,,,,,,,,,,,,,,,,,,,,,,,,,,,,,,,2019/03/26 14:54:22.363,"31001       ",2019/03/26 14:54:22.363,"31001       "
"18300282","18300280","R_RINGIKAMOKU32","20190625","20200214","99921","1001",1000000,3.00000,,,"R_RIRITUHENDO01",,,"R_HENSAIHOU1",,"R_RIBARAIHOU2","R_RBRKANKAKU1","20190725",,,,,,,,,,,"R_SIKINSITOM230","25",,,1,,,,,,,,,,,,,,,,,,,,,,,,,,,,,,,,,"R_RINGISYURUI4","R_SIKINSITO2",,"61",0,,,,,,"R_RSPNSBLTY9",,,,,,,,,,,,,,,,,,,,,,,,,,,,,,,,,,,,,,,,,,,,,,,,,,,,,,,,,,2019/03/26 15:05:15.370,"31001       ",2019/03/26 15:05:15.370,"31001       "
"18300286","18300251","R_RINGIKAMOKU32","20190625","20200214","50900","9999",1000000,1.60000,,,"R_RIRITUHENDO01",,,"R_HENSAIHOU1",,"R_RIBARAIHOU2","R_RBRKANKAKU1","20190725",,,,,,,,,,,"R_SIKINSITOM369","25",,,1,,,,,,,,,,,,,,,,,,,,,,,,,,,,,,,,,"R_RINGISYURUI4","R_SIKINSITO3",,"71",0,,,,,,"R_RSPNSBLTY9",,,,,,,,,,,,,,,,,,,,,,,,,,,,,,,,,,,,,,,,,,,,,,,,,,,,,,,,,,2019/03/27 18:13:26.487,"31001       ",2019/03/27 18:13:26.487,"31001       "
"19300059","19300057","R_RINGIKAMOKU33","20301111","20320706","10001",,1000000,2.80000,,,"R_RIRITUHENDO01",,,"R_HENSAIHOU2","R_KANKAKU1","R_RIBARAIHOU1","R_RBRKANKAKU1","20301206","20301206",,,,,,,,,,"R_SIKINSITOM230","06",,,20,50000,,,,,,,,,,,,,,,,,,,,,,,,,,,,,,,,"R_RINGISYURUI4","R_SIKINSITO2",,"10",0,,,,,,,,,,,,,,,,,,,,,,,,,,,,,,,,,,,,,,,,,,,,,,,,,,,,,,,,,,"20301206",,,,,,2019/10/09 11:05:32,"014001      ",2019/10/09 11:05:32,"014001      "
"19300131","19300123","R_RINGIKAMOKU40","20210405","20220405",,,1000000,3.00000,,,,,,,,,,,,,,,,,,,,,,,,,,,,,,,,,,,,,,,,,,,,,,,,,,,,,,,,,,,,,"10",,,,,,,,,,,,,,,,,,,,,,,,,,,,,,,,,,,,,,,,,,,,,,,,,,,,,,,,,,,,,,,,,2020/01/09 10:05:21.993,"31001       ",2020/01/09 10:05:21.993,"31001       "
"19300134","19300123","R_RINGIKAMOKU40","20210405","20220405",,,1000000,3.00000,,,,,,,,,,,,,,,,,,,,,,,,,,,,,,,,,,,,,,,,,,,,,,,,,,,,,,,,,,,,,"10",,,,,,,,,,,,,,,,,,,,,,,,,,,,,,,,,,,,,,,,,,,,,,,,,,,,,,,,,,,,,,,,,2020/01/09 15:49:30.863,"31001       ",2020/01/09 15:49:30.863,"31001       "
"19300135","19300123","R_RINGIKAMOKU40","20210405","20220405",,,1000000,3.00000,,,,,,,,,,,,,,,,,,,,,,,,,,,,,,,,,,,,,,,,,,,,,,,,,,,,,,,,,,,,,"10",,,,,,,,,,,,,,,,,,,,,,,,,,,,,,,,,,,,,,,,,,,,,,,,,,,,,,,,,,,,,,,,,2020/01/09 15:53:40.310,"31001       ",2020/01/09 15:53:40.310,"31001       "
"20300000","19300145","R_RINGIKAMOKU33","20201125","20220806","60231","4050",100000,0.03000,,,"R_RIRITUHENDO01",,,"R_HENSAIHOU2","R_KANKAKU1","R_RIBARAIHOU1","R_RBRKANKAKU1","20201206","20210106",,,,,,,,,,"R_SIKINSITOM357","06","R_ADJHASU2",,20,5001,,,,,,,,,,,,,,,,,,,,,,,,,,,,,,,,"R_RINGISYURUI4","R_SIKINSITO3",,"71",0,,,,,,,,,,,,,,,,,,,,,,,,,,,,,,,,,,,,,,,,,,,,,,,,,,,,,,,,,,"20210106",,,,,,2020/05/12 14:03:55.563,"0000001     ",2020/05/12 14:03:55.563,"0000001     "
"20300003","20300002","R_RINGIKAMOKU33","20220210","20220609","0010001",,750,2.00000,,,"R_RIRITUHENDO02",,,"R_HENSAIHOU5",,"R_RIBARAIHOU1","R_RBRKANKAKU1","20220301",,,,,,,,,,,"R_SIKINSITOM357","01",,,,,,,,,,,,,,,,,,,,,,,,,,,,,,,,,,,,"R_RINGISYURUI4","R_SIKINSITO3",,"10",0,,,,,,,,,,,,,,,,,,,,,"20200101",,,,,,,,,,,,,,,,,,,,,,,,,,,,,,,,,,,,,,,,,,,2020/05/13 10:32:34.903,"31001       ",2020/05/13 10:32:34.903,"31001       "
"20300015","20300014","R_RINGIKAMOKU33","20200708","20300731","52131","4050",100000,0.60000,,,"R_RIRITUHENDO02",,,"R_HENSAIHOU4","R_KANKAKU1","R_RIBARAIHOU1","R_RBRKANKAKU1","20200831","20200831",,,,,,,,,,"R_SIKINSITOM355","31","R_ADJHASU0",,120,858,,,,,,,,,,,,,,,,,,,,,,,,,,,,,,,,"R_RINGISYURUI4","R_SIKINSITO3",,"71",0,,,,,"R_KINRIKBN5",,,,,,,,,,,,,,,,"20200708",,,,,,,,,,,,,,,,,,,,,,,,,,,,,,,,,,,,,"20200831",,,,,,2020/06/29 11:48:14.327,"10001       ",2020/06/29 11:48:14.327,"10001       "
"20300018","20300016","R_RINGIKAMOKU33","20200708","20300731","52200","4050",1000000,0.60000,,,"R_RIRITUHENDO02",,0.00000,"R_HENSAIHOU4","R_KANKAKU1","R_RIBARAIHOU1","R_RBRKANKAKU1","20200831","20200831",,,,,-1.80000,-1.80000,,,,"R_SIKINSITOM353","31","R_ADJHASU0",,120,8587,,,,,,,,,,,,,,,,,,,,,,,,,,,,,,,,"R_RINGISYURUI4","R_SIKINSITO3",,"71",0,,,,,"R_KINRIKBN5",,,,,,,,,,,,,,,,,,,,,,,,,,,,,,,,,,,,,,,,,,,,,,,,,,,,,"20200831",,,,,,2020/06/29 13:29:34.063,"10001       ",2020/06/29 13:29:34.063,"10001       "
"20300019","20300017","R_RINGIKAMOKU33","20200708","20300731","52131","4050",1000000,0.60000,,,"R_RIRITUHENDO02",,0.00000,"R_HENSAIHOU4","R_KANKAKU1","R_RIBARAIHOU1","R_RBRKANKAKU1","20200831","20200831",,,,,-1.80000,-1.80000,,,,"R_SIKINSITOM355","31","R_ADJHASU0",,120,8587,,,,,,,,,,,,,,,,,,,,,,,,,,,,,,,,"R_RINGISYURUI4","R_SIKINSITO3",,"71",0,,,,,"R_KINRIKBN5",,,,,,,,,,,,,,,,,,,,,,,,,,,,,,,,,,,,,,,,,,,,,,,,,,,,,"20200831",,,,,,2020/06/29 13:36:56.317,"10001       ",2020/06/29 13:36:56.317,"10001       "
"20300025","20300022","R_RINGIKAMOKU33","20200708","20220731","52131","4050",1000000,1.00000,,,"R_RIRITUHENDO02",,0.00000,"R_HENSAIHOU4","R_KANKAKU1","R_RIBARAIHOU1","R_RBRKANKAKU1","20200831","20200831",,,,,-1.80000,-1.80000,,,,"R_SIKINSITOM360","31","R_ADJHASU0",,24,42102,,,,,,,,,,,,,,,,,,,,,,,,,,,,,,,,"R_RINGISYURUI4","R_SIKINSITO3",,"71",0,,,,,,,,,,,,,,,,,,,,,,,,,,,,,,,,,,,,,,,,,,,,,,,,,,,,,,,,,,"20200831",,,,,,2020/06/29 16:28:12.560,"10001       ",2020/06/29 16:28:12.560,"10001       "
"20300028","20300026","R_RINGIKAMOKU33","20200708","20220731","52200","4050",37000000,0.60000,,,"R_RIRITUHENDO02",,0.00000,"R_HENSAIHOU4","R_KANKAKU1","R_RIBARAIHOU1","R_RBRKANKAKU1","20200831","20200831",,,,,-1.80000,-1.80000,,,,"R_SIKINSITOM353","31","R_ADJHASU0",,24,1551320,,,,,,,,,,,,,,,,,,,,,,,,,,,,,,,,"R_RINGISYURUI4","R_SIKINSITO3",,"71",0,,,,,,,,,,,,,,,,,,,,,,,,,,,,,,,,,,,,,,,,,,,,,,,,,,,,,,,,,,"20200831",,,,,,2020/06/29 17:50:41.263,"10001       ",2020/06/29 17:50:41.263,"10001       "
"20300029","20300027","R_RINGIKAMOKU33","20200708","20220731","52131","4050",10900000,1.00000,,,"R_RIRITUHENDO02",,0.00000,"R_HENSAIHOU4","R_KANKAKU1","R_RIBARAIHOU1","R_RBRKANKAKU1","20200831","20200831",,,,,-1.80000,-1.90000,,,,"R_SIKINSITOM355","31","R_ADJHASU0",,24,458912,,,,,,,,,,,,,,,,,,,,,,,,,,,,,,,,"R_RINGISYURUI4","R_SIKINSITO3",,"71",0,,,,,,,,,,,,,,,,,,,,,,,,,,,,,,,,,,,,,,,,,,,,,,,,,,,,,,,,,,"20200831",,,,,,2020/06/29 17:53:41.150,"10001       ",2020/06/29 17:53:41.150,"10001       "
"20300033","20300027","R_RINGIKAMOKU33","20200708","20220731","52131","4050",10900000,1.00000,,,"R_RIRITUHENDO02",,0.00000,"R_HENSAIHOU4","R_KANKAKU1","R_RIBARAIHOU1","R_RBRKANKAKU1","20200831","20200831",,,,,-1.80000,-1.80000,,,,"R_SIKINSITOM355","31","R_ADJHASU0",,24,458912,,,,,,,,,,,,,,,,,,,,,,,,,,,,,,,,"R_RINGISYURUI4","R_SIKINSITO3",,"71",0,,,,,,,,,,,,,,,,,,,,,,,,,,,,,,,,,,,,,,,,,,,,,,,,,,,,,,,,,,"20200831",,,,,,2020/06/29 20:26:22.433,"10001       ",2020/06/29 20:26:22.433,"10001       "
"20300034","20300013","R_RINGIKAMOKU33","20200708","20220731","52200","4050",37000000,0.60000,,,"R_RIRITUHENDO02",,0.00000,"R_HENSAIHOU4","R_KANKAKU1","R_RIBARAIHOU1","R_RBRKANKAKU1","20200831","20200831",,,,,-1.80000,-1.80000,,,,"R_SIKINSITOM353","31","R_ADJHASU0",,24,1551320,,,,,,,,,,,,,,,,,,,,,,,,,,,,,,,,"R_RINGISYURUI4","R_SIKINSITO3",,"71",0,,,,,"R_KINRIKBN5",,,,,,,,,,,,,,,,,,,,,,,,,,,,,,,,,,,,,,,,,,,,,,,,,,,,,"20200831",,,,,,2020/06/30 11:18:45.123,"10001       ",2020/06/30 11:18:45.123,"10001       "
"20300036","20300035","R_RINGIKAMOKU33","20200708","20220731","52131","4050",100000,0.60000,,,"R_RIRITUHENDO02",,0.00000,"R_HENSAIHOU4","R_KANKAKU1","R_RIBARAIHOU1","R_RBRKANKAKU1","20200831","20200831",,,,,-1.80000,-1.80000,,,,"R_SIKINSITOM353","31","R_ADJHASU0",,24,4192,,,,,,,,,,,,,,,,,,,,,,,,,,,,,,,,"R_RINGISYURUI4","R_SIKINSITO3",,"71",0,,,,,"R_KINRIKBN5",,,,,,,,,,,,,,,,,,,,,,,,,,,,,,,,,,,,,,,,,,,,,,,,,,,,,"20200831",,,,,,2020/06/30 11:41:05.663,"10001       ",2020/06/30 11:41:05.663,"10001       "
"20300038","20300037","R_RINGIKAMOKU33","20200708","20220731","52131","4050",100000,0.60000,,,"R_RIRITUHENDO02",,0.00000,"R_HENSAIHOU4","R_KANKAKU1","R_RIBARAIHOU1","R_RBRKANKAKU1","20200831","20200831",,,,,-1.80000,-1.80000,,,,"R_SIKINSITOM355","31","R_ADJHASU0",,24,4192,,,,,,,,,,,,,,,,,,,,,,,,,,,,,,,,"R_RINGISYURUI4","R_SIKINSITO3",,"71",0,,,,,"R_KINRIKBN5",,,,,,,,,,,,,,,,,,,,,,,,,,,,,,,,,,,,,,,,,,,,,,,,,,,,,"20200831",,,,,,2020/06/30 12:09:41.670,"10001       ",2020/06/30 12:09:41.670,"10001       "
"20300045","20300027","R_RINGIKAMOKU33","20200708","20220731","52131","4050",10900000,1.00000,,,"R_RIRITUHENDO02",,0.00000,"R_HENSAIHOU4","R_KANKAKU1","R_RIBARAIHOU1","R_RBRKANKAKU1","20200831","20200831",,,,,-1.80000,-1.80000,,,,"R_SIKINSITOM355","31","R_ADJHASU0",,24,458912,,,,,,,,,,,,,,,,,,,,,,,,,,,,,,,,"R_RINGISYURUI4","R_SIKINSITO3",,"71",0,,,,,,,,,,,,,,,,,,,,,,,,,,,,,,,,,,,,,,,,,,,,,,,,,,,,,,,,,,"20200831",,,,,,2020/07/14 15:57:27.323,"10001       ",2020/07/14 15:57:27.323,"10001       "
"20300051","20300027","R_RINGIKAMOKU33","20200708","20220731","52131","4050",10900000,1.00000,,,"R_RIRITUHENDO02",,0.00000,"R_HENSAIHOU4","R_KANKAKU1","R_RIBARAIHOU1","R_RBRKANKAKU1","20200831","20200831",,,,,-1.80000,-1.80000,,,,"R_SIKINSITOM355","31","R_ADJHASU0",,24,458912,,,,,,,,,,,,,,,,,,,,,,,,,,,,,,,,"R_RINGISYURUI4","R_SIKINSITO3",,"71",0,,,,,,,,,,,,,,,,,,,,,,,,,,,,,,,,,,,,,,,,,,,,,,,,,,,,,,,,,,"20200831",,,,,,2020/07/22 10:05:03.790,"10001       ",2020/07/22 10:05:03.790,"10001       "
"20300058","20300027","R_RINGIKAMOKU33","20310708","20220731","10304","4050",10900000,1.00000,,,"R_RIRITUHENDO02",,0.00000,"R_HENSAIHOU4","R_KANKAKU1","R_RIBARAIHOU1","R_RBRKANKAKU1","20200831","20200831",,,,,-1.80000,-1.80000,,,,"R_SIKINSITOM355","31","R_ADJHASU0",,24,458912,,,,,,,,,,,,,,,,,,,,,,,,,,,,,,,,"R_RINGISYURUI4","R_SIKINSITO3",,"71",0,,,,,,,,,,,,,,,,,,,,,,,,,"00",,,,,,,,,,,,,,,,,,,,,,,,,,,,,,,,,"20200831",,,,,,2020/07/27 11:34:36.030,"10001       ",2020/07/27 11:34:36.030,"10001       "
"20300063","20300002","R_RINGIKAMOKU33","20220210","20220609","0010001",,750,2.00000,,,"R_RIRITUHENDO02",,,"R_HENSAIHOU5",,"R_RIBARAIHOU1","R_RBRKANKAKU1","20220301",,,,,,,,,,,"R_SIKINSITOM357","01",,,,,,,,,,,,,,,,,,,,,,,,,,,,,,,,,,,,"R_RINGISYURUI4","R_SIKINSITO3",,"10",0,,,,,,,,,,,,,,,,,,,,,"20200101",,,,,,,,,,,,,,,,,,,,,,,,,,,,,,,,,,,,,,,,750,750,,2020/08/19 11:57:17.480,"31001       ",2020/08/19 11:57:17.480,"31001       "
"20300066","20300012","R_RINGIKAMOKU33","20200911","20220506","10304",,100000000,3.00000,,,"R_RIRITUHENDO01",,0.00000,"R_HENSAIHOU2","R_KANKAKU1","R_RIBARAIHOU1","R_RBRKANKAKU1","20201006","20201006",,,,,-1.80000,-1.80000,,,,"R_SIKINSITOM354","06","R_ADJHASU2",,20,50000,,,,,,,,,,,,,,,,,,,,,,,,,,,,,,,,"R_RINGISYURUI4","R_SIKINSITO3",,"10",0,,,,,,,,,,,,,,,,,,,,,,,,,,,,,,,,,,,,,,,,,,,,,,,,,,,,,,,,,,"20201006",,,,,,2020/08/19 14:18:26.817,"31001       ",2020/08/19 14:18:26.817,"31001       "
"20300067","20300012","R_RINGIKAMOKU33","20200911","20220506","10304",,100000000,3.00000,,,"R_RIRITUHENDO01",,0.00000,"R_HENSAIHOU2","R_KANKAKU1","R_RIBARAIHOU1","R_RBRKANKAKU1","20201006","20201006",,,,,-1.80000,-1.80000,,,,"R_SIKINSITOM354","06","R_ADJHASU2",,20,50000,,,,,,,,,,,,,,,,,,,,,,,,,,,,,,,,"R_RINGISYURUI4","R_SIKINSITO3",,"10",0,,,,,,,,,,,,,,,,,,,,,,,,,,,,,,,,,,,,,,,,,,,,,,,,,,,,,,,,,,"20201006",,,,,,2020/08/19 14:26:31.463,"31001       ",2020/08/19 14:26:31.463,"31001       "
"20300068","20300012","R_RINGIKAMOKU33","20200911","20220506","10304",,100000000,3.00000,,,"R_RIRITUHENDO01",,0.00000,"R_HENSAIHOU2","R_KANKAKU1","R_RIBARAIHOU1","R_RBRKANKAKU1","20201006","20201006",,,,,-1.80000,-1.80000,,,,"R_SIKINSITOM354","06","R_ADJHASU2",,20,50000,,,,,,,,,,,,,,,,,,,,,,,,,,,,,,,,"R_RINGISYURUI4","R_SIKINSITO3",,"10",0,,,,,,,,,,,,,,,,,,,,,,,,,,,,,,,,,,,,,,,,,,,,,,,,,,,,,,,,,,"20201006",,,,,,2020/08/19 15:02:18.833,"31001       ",2020/08/19 15:02:18.833,"31001       "
"20300069","20300012","R_RINGIKAMOKU33","20200911","20220506","10304",,100000000,3.00000,,,"R_RIRITUHENDO01",,0.00000,"R_HENSAIHOU2","R_KANKAKU1","R_RIBARAIHOU1","R_RBRKANKAKU1","20201006","20201006",,,,,-1.80000,-1.80000,,,,"R_SIKINSITOM354","06","R_ADJHASU2",,20,50000,,,,,,,,,,,,,,,,,,,,,,,,,,,,,,,,"R_RINGISYURUI4","R_SIKINSITO3",,"10",0,,,,,,,,,,,,,,,,,,,,,,,,,,,,,,,,,,,,,,,,,,,,,,,,,,,,,,,,,,"20201006",,,,,,2020/08/19 15:14:25.840,"31001       ",2020/08/19 15:14:25.840,"31001       "
"20300095","18300264","R_RINGIKAMOKU33","20190415","20201206","60231","4050",500000,1.50000,,,"R_RIRITUHENDO01",,,"R_HENSAIHOU4","R_KANKAKU1","R_RIBARAIHOU1","R_RBRKANKAKU1","20190506","20190506",,,,100,,,,,,"R_SIKINSITOM357","06","R_ADJHASU0",,20,25327,33,3,"201906","06","12",,,,,,,,,,,,,,,,,,,,,,,,,,,"R_RINGISYURUI4","R_SIKINSITO3",,"71",0,,,,,,,,,,,,,,,,,,,,,,,,,,,,,,,,,,,,,,,,,,,,,,,,,,,,,,,,,,"20190506",,,,,,2021/02/12 16:23:49.597,"31001       ",2021/02/12 16:23:49.597,"31001       "
"23300010","18300259","R_RINGIKAMOKU33","20190415","20241206","60231","4050",500000,1.50000,,,"R_RIRITUHENDO01",,,"R_HENSAIHOU4","R_KANKAKU1","R_RIBARAIHOU1","R_RBRKANKAKU1","20190506","20190506",,,,,,,,,,"R_SIKINSITOM357","06","R_ADJHASU0",,20,25329,,,,,,,,,,,,,,,,,,,,,,,,,,,,,,,,"R_RINGISYURUI4","R_SIKINSITO3",,"71",0,,,"20190430",,,,,,,,,,,,"0",,,,,,,,,,,,,,,,,,,,,,,,,,,,,,,,,,,,,,,,,,,"20190506",,,,,,2024/02/14 11:23:25.013,"31001       ",2024/02/14 11:23:25.013,"31001       "
"23300011","18300259","R_RINGIKAMOKU33","20190415","20241206","60231","4050",500000,1.50000,,,"R_RIRITUHENDO01",,,"R_HENSAIHOU4","R_KANKAKU1","R_RIBARAIHOU1","R_RBRKANKAKU1","20240506","20240506",,,,,,,,,,"R_SIKINSITOM357","06","R_ADJHASU0",,20,25329,,,,,,,,,,,,,,,,,,,,,,,,,,,,,,,,"R_RINGISYURUI4","R_SIKINSITO3",,"71",0,,,"20240129",,,,,,,,,,,,"0",,,,,,,,,,,,,,,,,,,,,,,,,,,,,,,,,,,,,,,,,,,"20190506",,,,,,2024/02/14 13:06:56.440,"31001       ",2024/02/14 13:06:56.440,"31001       "
"23300012","18300259","R_RINGIKAMOKU33","20190415","20241206","60231","4050",500000,1.50000,,,"R_RIRITUHENDO01",,,"R_HENSAIHOU4","R_KANKAKU1","R_RIBARAIHOU1","R_RBRKANKAKU1","20240506","20240506",,,,,,,,,,"R_SIKINSITOM357","06","R_ADJHASU0",,20,25329,,,,,,,,,,,,,,,,,,,,,,,,,,,,,,,,"R_RINGISYURUI4","R_SIKINSITO3",,"71",0,,,"20240129",,,,,,,,,,,,"0",,,,,,,,,,,,,,,,,,,,,,,,,,,,,,,,,,,,,,,,,,,"20190506",,,,,,2024/02/14 13:12:23.993,"31001       ",2024/02/14 13:12:23.993,"31001       "
"23300013","18300259","R_RINGIKAMOKU33","20190415","20241206","60231","4050",500000,1.50000,,,"R_RIRITUHENDO01",,,"R_HENSAIHOU4","R_KANKAKU1","R_RIBARAIHOU1","R_RBRKANKAKU1","20240506","20240506",,,,,,,,,,"R_SIKINSITOM357","06","R_ADJHASU0",,20,25329,,,,,,,,,,,,,,,,,,,,,,,,,,,,,,,,"R_RINGISYURUI4","R_SIKINSITO3",,"71",0,,,"20240129",,,,,,,,,,,,"0",,,,,,,,,,,,,,,,,,,,,,,,,,,,,,,,,,,,,,,,,,,"20190506",,,,,,2024/02/14 13:14:54.943,"31001       ",2024/02/14 13:14:54.943,"31001       "
"23300014","18300259","R_RINGIKAMOKU33","20190415","20241206","60231","4050",500000,1.50000,,,"R_RIRITUHENDO01",,,"R_HENSAIHOU4","R_KANKAKU1","R_RIBARAIHOU1","R_RBRKANKAKU1","20240506","20240506",,,,,,,,,,"R_SIKINSITOM357","06","R_ADJHASU0",,20,25329,,,,,,,,,,,,,,,,,,,,,,,,,,,,,,,,"R_RINGISYURUI4","R_SIKINSITO3",,"71",0,,,"20240129",,,,,,,,,,,,"0",,,,,,,,,,,,,,,,,,,,,,,,,,,,,,,,,,,,,,,,,,,"20190506",,,,,,2024/02/14 13:34:57.530,"31001       ",2024/02/14 13:34:57.530,"31001       "
"23300015","18300259","R_RINGIKAMOKU33","20190415","20241206","60231","4050",500000,1.50000,,,"R_RIRITUHENDO01",,,"R_HENSAIHOU4","R_KANKAKU1","R_RIBARAIHOU1","R_RBRKANKAKU1","20240506","20240506",,,,,,,,,,"R_SIKINSITOM357","06","R_ADJHASU0",,20,25329,,,,,,,,,,,,,,,,,,,,,,,,,,,,,,,,"R_RINGISYURUI4","R_SIKINSITO3",,"71",0,,,"20240129",,,,,,,,,,,,"0",,,,,,,,,,,,,,,,,,,,,,,,,,,,,,,,,,,,,,,,,,,"20190506",,,,,,2024/02/14 13:48:50.443,"31001       ",2024/02/14 13:48:50.443,"31001       "
"23300026","18300027","R_RINGIKAMOKU33","20180730","20231101","10001","4029",11111,0.10000,,,"R_RIRITUHENDO01",,,"R_HENSAIHOU2","","R_RIBARAIHOU2","R_RBRKANKAKU1","20170330","20170330",,,,,,,,,,"","01","",,,,,," "," "," ","201703"," ","201703","",,"201703"," ","201703","",,"201703"," ","201703","",,"201703"," ","201703","",,"201703"," ","201703","",,,"R_RINGISYURUI4",,"20180730","71",0,,"20170410","20170405","20170330","","",,," ",,,,,"20170330"," "," "," "," "," ","20170330","20170330","20170330","20170330",," ",,,"20170330"," ","20170330"," ","20170330"," ","20170330","20170330",," ",,,,,,,,,,"20170330","20170330","20170330"," ","","",," ",,," ","20190401","20170330","20170330",,,,2024/03/22 10:45:23.503,"0000001     ",2024/03/22 10:45:23.503,"0000001     "
"24300005","72479898","R_RINGIKAMOKU33","20240708","20340731","52200","4050",37000000,0.60000,"R_RIRITUTEKI04",,"R_RIRITUHENDO02",,,"R_HENSAIHOU4","R_KANKAKU1","R_RIBARAIHOU1","R_RBRKANKAKU1","20240801","20240801",,,,,-1.80000,-1.80000,,,,"R_SIKINSITOM353","31","R_ADJHASU0",,120,317752,,,,"03","09",,,,,,,,,,,,,,,,,,,,,,,,,,,"R_RINGISYURUI4","R_SIKINSITO3",,"71",0,,,,,"R_KINRIKBN5",,,,,,,,,,,,,,,,,,,,,,,,,,,,,,,,,,,,,,,,,,,,,,,,,,,,,"202408",,,,,,2024/07/12 11:11:32.327,"10001       ",2024/07/12 11:11:32.327,"10001       "
"24300006","72470005","R_RINGIKAMOKU33","20240708","20340731","52200","4050",37000000,0.60000,"R_RIRITUTEKI04",,"R_RIRITUHENDO02",,,"R_HENSAIHOU4","R_KANKAKU1","R_RIBARAIHOU1","R_RBRKANKAKU1","20240801","20240801",,,,,-1.80000,-1.80000,,,,"R_SIKINSITOM353","31","R_ADJHASU0",,120,317752,,,,"03","09",,,,,,,,,,,,,,,,,,,,,,,,,,,"R_RINGISYURUI4","R_SIKINSITO3","20240708","71",0,,,,,"R_KINRIKBN5",,,,,,,,,,,,,,,,,,,,,,,,,,,,,,,,,,,,,,,,,,,,,,,,,,,,,"202408",,,,,,2024/07/16 13:37:59.710,"10001       ",2024/07/16 13:37:59.710,"10001       "
"24300022","18300027","R_RINGIKAMOKU33","20180730","20271101","10001","4029",11111,0.10000,,,"R_RIRITUHENDO01",,,"R_HENSAIHOU2","","R_RIBARAIHOU2","R_RBRKANKAKU1","20170330","20170330",,,,,,,,,,"R_SIKINSITOM101","01","",,,,,," "," "," ","201703"," ","201703","",,"201703"," ","201703","",,"201703"," ","201703","",,"201703"," ","201703","",,"201703"," ","201703","",,,"R_RINGISYURUI4","R_SIKINSITO1","20180730","71",0,,"20170410","20170405","20170330","","",,," ",,,,,"20170330"," "," "," "," "," ","20170330","20170330","20170330","20170330",," ",,,"20170330"," ","20170330"," ","20170330"," ","20170330","20170330",," ",,,,,,,,,,"20170330","20170330","20170330"," ","","",," ",,," ","20190401","20170330","20170330",,,,2024/08/02 11:35:33.610,"001         ",2024/08/02 11:35:33.610,"001         "
"24300024","52471151","R_RINGIKAMOKU33","20240708","20340731","52200","4050",37000000,0.60000,"R_RIRITUTEKI04",,"R_RIRITUHENDO02",,,"R_HENSAIHOU4","R_KANKAKU1","R_RIBARAIHOU1","R_RBRKANKAKU1","20240801","20240801",,,,,-1.80000,-1.80000,,,,"R_SIKINSITOM353",,"R_ADJHASU0",,120,317752,,,,,,,,,,,,,,,,,,,,,,,,,,,,,,,,"R_RINGISYURUI4","R_SIKINSITO3",,"71",0,,,,,"R_KINRIKBN5",,,,,,,,,,,,,,,,,,,,,,,,,"20241001",,,,,,,,,,,,,,,,,,,,,,,,,,,,"20240801",,,,,,2024/09/19 15:17:32.167,"10001       ",2024/09/19 15:17:32.167,"10001       "
"24300034","52471888","R_RINGIKAMOKU33","20250708","20350708","52200",,37000000,0.60000,"R_RIRITUTEKI04",,"R_RIRITUHENDO02",,,"R_HENSAIHOU4","R_KANKAKU1","R_RIBARAIHOU1","R_RBRKANKAKU1","20250801","20250801",,,,,-1.80000,-1.80000,,,,"R_SIKINSITOM353","08","R_ADJHASU0",,120,317752,,,,,,,,,,,,,,,,,,,,,,,,,,,,,,,,"R_RINGISYURUI4","R_SIKINSITO3",,"71",0,,,,,"R_KINRIKBN5",,,,,,,,,,,,,,,,,,,,,,,,,"20250808",,,,,,,,,,,,,,,,,,,,,,"R_DANSINKBN1",,,,,,"20250801",,,,,,2024/11/21 13:58:15.300,"10001       ",2024/11/21 13:58:15.300,"10001       "
"24300055","52471777","R_RINGIKAMOKU33","20250708","20350708","52200",,37000000,0.60000,"R_RIRITUTEKI04",,"R_RIRITUHENDO02",,,"R_HENSAIHOU4","R_KANKAKU1","R_RIBARAIHOU1","R_RBRKANKAKU1","20250801","20250801",,,,,-1.80000,-1.80000,,,,"R_SIKINSITOM353","08","R_ADJHASU0",,120,317752,,,,,,,,,,,,,,,,,,,,,,,,,,,,,,,,"R_RINGISYURUI4","R_SIKINSITO3",,"71",0,,,,,"R_KINRIKBN5",,,,,,,,,,,,,,,,,,,,,,,,,"20250808",,,,,,,,,,,,,,,,,,,,,,"R_DANSINKBN1",,,,,,"20250801",,,,,,2025/02/10 13:54:09.120,"10001       ",2025/02/10 13:54:09.120,"10001       "
"24300056","52471777","R_RINGIKAMOKU33","20250708","20350708","52200",,37000000,0.60000,"R_RIRITUTEKI04",,"R_RIRITUHENDO02",,,"R_HENSAIHOU4","R_KANKAKU1","R_RIBARAIHOU1","R_RBRKANKAKU1","20250801","20250801",,,,,-1.80000,-1.80000,,,,"R_SIKINSITOM353","08","R_ADJHASU0",,120,317752,,,,,,,,,,,,,,,,,,,,,,,,,,,,,,,,"R_RINGISYURUI4","R_SIKINSITO3",,"71",0,,,,,"R_KINRIKBN5",,,,,,,,,,,,,,,,,,,,,,,,,"20250808",,,,,,,,,,,,,,,,,,,,,,"R_DANSINKBN1",,,,,,"20250801",,,,,,2025/02/10 14:02:32.590,"10001       ",2025/02/10 14:02:32.590,"10001       "
"24300057","52471777","R_RINGIKAMOKU33","20250708","20350708","52200",,37000000,0.60000,"R_RIRITUTEKI04",,"R_RIRITUHENDO02",,,"R_HENSAIHOU4","R_KANKAKU1","R_RIBARAIHOU1","R_RBRKANKAKU1","20250801","20250801",,,,,-1.80000,-1.80000,,,,"R_SIKINSITOM353","08","R_ADJHASU0",,120,317752,,,,,,,,,,,,,,,,,,,,,,,,,,,,,,,,"R_RINGISYURUI4","R_SIKINSITO3",,"71",0,,,,,"R_KINRIKBN5",,,,,,,,,,,,,,,,,,,,,,,,,"20250808",,,,,,,,,,,,,,,,,,,,,,"R_DANSINKBN1",,,,,,"20250801",,,,,,2025/02/10 14:07:36.087,"10001       ",2025/02/10 14:07:36.087,"10001       "
"24300058","52471777","R_RINGIKAMOKU33","20250708","20350708","52200",,37000000,0.60000,"R_RIRITUTEKI04",,"R_RIRITUHENDO02",,,"R_HENSAIHOU4","R_KANKAKU1","R_RIBARAIHOU1","R_RBRKANKAKU1","20250801","20250801",,,,,-1.80000,-1.80000,,,,"R_SIKINSITOM353","08","R_ADJHASU0",,120,317752,,,,,,,,,,,,,,,,,,,,,,,,,,,,,,,,"R_RINGISYURUI4","R_SIKINSITO3",,"71",0,,,,,"R_KINRIKBN5",,,,,,,,,,,,,,,,,,,,,,,,,"20250808",,,,,,,,,,,,,,,,,,,,,,"R_DANSINKBN1",,,,,,"20250801",,,,,,2025/02/10 14:51:14.167,"10001       ",2025/02/10 14:51:14.167,"10001       "
"24300061","52471777","R_RINGIKAMOKU33","20250708","20350708","52200",,37000000,0.60000,"R_RIRITUTEKI04",,"R_RIRITUHENDO02",,,"R_HENSAIHOU4","R_KANKAKU1","R_RIBARAIHOU1","R_RBRKANKAKU1","20250801","20250801",,,,,-1.80000,-1.80000,,,,"R_SIKINSITOM353","08","R_ADJHASU0",,120,317752,,,,,,,,,,,,,,,,,,,,,,,,,,,,,,,,"R_RINGISYURUI4","R_SIKINSITO3",,"71",0,,,,,"R_KINRIKBN5",,,,,,,,,,,,,,,,,,,,,,,,,"20250808",,,,,,,,,,,,,,,,,,,,,,"R_DANSINKBN1",,,,,,"20250801",,,,,,2025/02/12 9:56:08.067,"10001       ",2025/02/12 9:56:08.067,"10001       "
"25300009","25300006","R_RINGIKAMOKU40","20250805","20260805","03",,1250000,3.99900,"R_RIRITUTEKI51",,,,,,,,,,,,,,,,,,,,,,,,,,,,,,,,,,,,,,,,,,,,,,,,,,,,,,,,,"R_RINGISYURUI4",,,"10",1,,,,,,,,,,,,,,,,,,,,,,,,,,,,,,,,,,,,,,,,,,,,,,,,,,,,,,,,,,,,,1250000,1250000,"20260805",2025/05/28 13:55:03.190,"10001       ",2025/05/28 13:55:03.190,"10001       "
"25300010","25300007","R_RINGIKAMOKU33","20250731","20600731","52131","4050",10900000,0.80000,"R_RIRITUTEKI04",,"R_RIRITUHENDO02",,,"R_HENSAIHOU4","R_KANKAKU1","R_RIBARAIHOU1","R_RBRKANKAKU1","20250831","20250831",,,,,-1.80000,-2.10000,,,,"R_SIKINSITOM353","31","R_ADJHASU0",,420,29763,,,,,,,,,,,,,,,,,,,,,,,,,,,,,,,,"R_RINGISYURUI4","R_SIKINSITO3",,"71",0,,,,,"R_KINRIKBN7",,,,,,,,,,,,,,,,,,,,,,,,,,,,,,,,,,,,,,,,,,,,,,,"R_DANSINKBN1",,,,,,"20250831",,,,,,2025/05/29 10:04:04.603,"10001       ",2025/05/29 10:04:04.603,"10001       "
"25300012","25300005","R_RINGIKAMOKU33","20250731","20600731","52131","4050",10900000,0.80000,"R_RIRITUTEKI04",,"R_RIRITUHENDO02",,,"R_HENSAIHOU4","R_KANKAKU1","R_RIBARAIHOU1","R_RBRKANKAKU1","20250831","20250831",,,,,-1.80000,-2.10000,,,,"R_SIKINSITOM353","31","R_ADJHASU0",,420,29763,,,,,,,,,,,,,,,,,,,,,,,,,,,,,,,,"R_RINGISYURUI4","R_SIKINSITO3",,"71",0,,,"20250731",,"R_KINRIKBN7",,,,,,,,,,,,,,,,,,,,"7",,,,,,,,,,,,,,,,,,,,,,,,,,,"R_DANSINKBN1",,,,,,"20250831",,,,,,2025/05/29 16:18:48.147,"10001       ",2025/05/29 16:18:48.147,"10001       "
"25300015","25300005","R_RINGIKAMOKU33","20250731","20600731","52131","4050",10900000,0.80000,"R_RIRITUTEKI04",,"R_RIRITUHENDO02",,,"R_HENSAIHOU4","R_KANKAKU1","R_RIBARAIHOU1","R_RBRKANKAKU1","20250831","20250831",,,,,-1.80000,-2.10000,,,,"R_SIKINSITOM353","31","R_ADJHASU0",,420,29763,,,,,,,,,,,,,,,,,,,,,,,,,,,,,,,,"R_RINGISYURUI4","R_SIKINSITO3",,"71",0,,,"20250731",,"R_KINRIKBN7",,,,,,,,,,,,,,,,,,,,"7",,,,,,,,,,,,,,,,,,,,,,,,,,,"R_DANSINKBN1",,,,,,"20250831",,,,,,2025/05/30 11:08:31.910,"10001       ",2025/05/30 11:08:31.910,"10001       "
"25300207","25300122","R_RINGIKAMOKU33","20251114","20260706","10001","1001",1000000,3.00000,,,"R_RIRITUHENDO01",,0.00000,"R_HENSAIHOU4","R_KANKAKU1","R_RIBARAIHOU1","R_RBRKANKAKU1","20251206","20251206",,,,,-1.80000,-1.80000,,,,"R_SIKINSITOM230","06","R_ADJHASU2",,8,130110,,,,,,,,,,,,,,,,,,,,,,,,,,,,,,,,"R_RINGISYURUI4","R_SIKINSITO2",,"71",0,,,,,,,,,,,,,,,,,,,,,,,,,,,,,,,,,,,,,,,,,,,,,,,,,,,,,,,,,,"20251206",,,,,,2025/11/06 10:35:36.617,"10091       ",2025/11/06 10:35:36.617,"10091       "
"25300242","18300027","R_RINGIKAMOKU33","20180730","20271101","10001","4029",11111,0.10000,,,"R_RIRITUHENDO01",,,"R_HENSAIHOU2","","R_RIBARAIHOU2","R_RBRKANKAKU1","20170330","20170330",,,,,,,,,,"R_SIKINSITOM101","01","",,,,,," "," "," ","201703"," ","201703","",,"201703"," ","201703","",,"201703"," ","201703","",,"201703"," ","201703","",,"201703"," ","201703","",,,"R_RINGISYURUI4","R_SIKINSITO1","20180730","71",0,,"20170410","20170405","20170330","","",,," ",,,,,"20170330"," "," "," "," "," ","20170330","20170330","20170330","20170330",," ",,,"20170330"," ","20170330"," ","20170330"," ","20170330","20170330",," ",,,,,,,,,,"20170330","20170330","20170330"," ","","",," ",,," ","20190401","20170330","20170330",,,,2025/11/28 14:06:03.143,"9999999999  ",2025/11/28 14:06:03.143,"9999999999  "
"25300250","18300027","R_RINGIKAMOKU33","20180730","20271101","10001","4029",11111,0.10000,,,"R_RIRITUHENDO01",,,"R_HENSAIHOU2","","R_RIBARAIHOU2","R_RBRKANKAKU1","20170330","20170330",,,,,,,,,,"R_SIKINSITOM101","01","",,,,,," "," "," ","201703"," ","201703","",,"201703"," ","201703","",,"201703"," ","201703","",,"201703"," ","201703","",,"201703"," ","201703","",,,"R_RINGISYURUI4","R_SIKINSITO1","20180730","71",0,,"20170410","20170405","20170330","","",,," ",,,,,"20170330"," "," "," "," "," ","20170330","20170330","20170330","20170330",," ",,,"20170330"," ","20170330"," ","20170330"," ","20170330","20170330",," ",,,,,,,,,,"20170330","20170330","20170330"," ","","",," ",,," ","20190401","20170330","20170330",,,,2025/11/28 17:48:44.183,"9999999999  ",2025/11/28 17:48:44.183,"9999999999  "
"25300317","25300288","R_RINGIKAMOKU33","20180730","20271101","10001","4029",11111,0.10000,,,"R_RIRITUHENDO01",,,"R_HENSAIHOU2","","R_RIBARAIHOU2","R_RBRKANKAKU1","20170330","20170330",,,,,,,,,,"R_SIKINSITOM101","01","",,,,,," "," "," ","201703"," ","201703","",,"201703"," ","201703","",,"201703"," ","201703","",,"201703"," ","201703","",,"201703"," ","201703","",,,"R_RINGISYURUI4","R_SIKINSITO1","20180730","71",0,,"20170410","20170405","20170330","","",,," ",,,,,"20170330"," "," "," "," "," ","20170330","20170330","20170330","20170330",," ",,,"20170330"," ","20170330"," ","20170330"," ","20170330","20170330",," ",,,,,,,,,,"20170330","20170330","20170330"," ","","",," ",,," ","20190401","20170330","20170330",,,,2025/12/08 10:43:10.300,"9999999999  ",2025/12/08 10:43:10.300,"9999999999  "
"25300324","25300287","R_RINGIKAMOKU33","20180730","20271101","10001","4029",11111,0.10000,,,"R_RIRITUHENDO01",,,"R_HENSAIHOU2","","R_RIBARAIHOU2","R_RBRKANKAKU1","20170330","20170330",,,,,,,,,,"R_SIKINSITOM101","01","",,,,,," "," "," ","201703"," ","201703","",,"201703"," ","201703","",,"201703"," ","201703","",,"201703"," ","201703","",,"201703"," ","201703","",,,"R_RINGISYURUI4","R_SIKINSITO1","20180730","71",0,,"20170410","20170405","20170330","","",,," ",,,,,"20170330"," "," "," "," "," ","20170330","20170330","20170330","20170330",," ",,,"20170330"," ","20170330"," ","20170330"," ","20170330","20170330",," ",,,,,,,,,,"20170330","20170330","20170330"," ","","",," ",,," ","20190401","20170330","20170330",,,,2025/12/08 13:11:02.367,"9999999999  ",2025/12/08 13:11:02.367,"9999999999  "
"25300326","25300319","R_RINGIKAMOKU33","20180730","20271101","10001","4029",11111,0.10000,,,"R_RIRITUHENDO01",,,"R_HENSAIHOU2","","R_RIBARAIHOU2","R_RBRKANKAKU1","20170330","20170330",,,,,,,,,,"R_SIKINSITOM101","01","",,,,,," "," "," ","201703"," ","201703","",,"201703"," ","201703","",,"201703"," ","201703","",,"201703"," ","201703","",,"201703"," ","201703","",,,"R_RINGISYURUI4","R_SIKINSITO1","20180730","71",0,,"20170410","20170405","20170330","","",,," ",,,,,"20170330"," "," "," "," "," ","20170330","20170330","20170330","20170330",," ",,,"20170330"," ","20170330"," ","20170330"," ","20170330","20170330",," ",,,,,,,,,,"20170330","20170330","20170330"," ","","",," ",,," ","20190401","20170330","20170330",,,,2025/12/08 17:12:15.357,"9999999999  ",2025/12/08 17:12:15.357,"9999999999  "
"25300328","25300320","R_RINGIKAMOKU33","20180730","20271101","10001","4029",11111,0.10000,,,"R_RIRITUHENDO01",,,"R_HENSAIHOU2","","R_RIBARAIHOU2","R_RBRKANKAKU1","20170330","20170330",,,,,,,,,,"R_SIKINSITOM101","01","",,,,,," "," "," ","201703"," ","201703","",,"201703"," ","201703","",,"201703"," ","201703","",,"201703"," ","201703","",,"201703"," ","201703","",,,"R_RINGISYURUI4","R_SIKINSITO1","20180730","71",0,,"20170410","20170405","20170330","","",,," ",,,,,"20170330"," "," "," "," "," ","20170330","20170330","20170330","20170330",," ",,,"20170330"," ","20170330"," ","20170330"," ","20170330","20170330",," ",,,,,,,,,,"20170330","20170330","20170330"," ","","",," ",,," ","20190401","20170330","20170330",,,,2025/12/09 10:04:10.390,"9999999999  ",2025/12/09 10:04:10.390,"9999999999  "
"25300345","25300321","R_RINGIKAMOKU33","20180730","20271101","10001","4029",11111,0.10000,,,"R_RIRITUHENDO01",,,"R_HENSAIHOU2","","R_RIBARAIHOU2","R_RBRKANKAKU1","20170330","20170330",,,,,,,,,,"R_SIKINSITOM101","01","",,,,,," "," "," ","201703"," ","201703","",,"201703"," ","201703","",,"201703"," ","201703","",,"201703"," ","201703","",,"201703"," ","201703","",,,"R_RINGISYURUI4","R_SIKINSITO1","20180730","71",0,,"20170410","20170405","20170330","","",,," ",,,,,"20170330"," "," "," "," "," ","20170330","20170330","20170330","20170330",," ",,,"20170330"," ","20170330"," ","20170330"," ","20170330","20170330",," ",,,,,,,,,,"20170330","20170330","20170330"," ","","",," ",,," ","20190401","20170330","20170330",,,,2025/12/10 14:41:49.527,"9999999999  ",2025/12/10 14:41:49.527,"9999999999  "
"25300350","25300322","R_RINGIKAMOKU33","20180730","20271101","10001","4029",11111,0.10000,,,"R_RIRITUHENDO01",,,"R_HENSAIHOU2","","R_RIBARAIHOU2","R_RBRKANKAKU1","20170330","20170330",,,,,,,,,,"R_SIKINSITOM101","01","",,,,,," "," "," ","201703"," ","201703","",,"201703"," ","201703","",,"201703"," ","201703","",,"201703"," ","201703","",,"201703"," ","201703","",,,"R_RINGISYURUI4","R_SIKINSITO1","20180730","71",0,,"20170410","20170405","20170330","","",,," ",,,,,"20170330"," "," "," "," "," ","20170330","20170330","20170330","20170330",," ",,,"20170330"," ","20170330"," ","20170330"," ","20170330","20170330",," ",,,,,,,,,,"20170330","20170330","20170330"," ","","",," ",,," ","20190401","20170330","20170330",,,,2025/12/10 15:40:06.627,"9999999999  ",2025/12/10 15:40:06.627,"9999999999  "
"25300354","25300323","R_RINGIKAMOKU33","20180730","20271101","10001","4029",11111,0.10000,,,"R_RIRITUHENDO01",,,"R_HENSAIHOU2","","R_RIBARAIHOU2","R_RBRKANKAKU1","20170330","20170330",,,,,,,,,,"R_SIKINSITOM101","01","",,,,,," "," "," ","201703"," ","201703","",,"201703"," ","201703","",,"201703"," ","201703","",,"201703"," ","201703","",,"201703"," ","201703","",,,"R_RINGISYURUI4","R_SIKINSITO1","20180730","71",0,,"20170410","20170405","20170330","","",,," ",,,,,"20170330"," "," "," "," "," ","20170330","20170330","20170330","20170330",," ",,,"20170330"," ","20170330"," ","20170330"," ","20170330","20170330",," ",,,,,,,,,,"20170330","20170330","20170330"," ","","",," ",,," ","20190401","20170330","20170330",,,,2025/12/10 16:55:12.240,"9999999999  ",2025/12/10 16:55:12.240,"9999999999  "
"25300367","19300145","R_RINGIKAMOKU33","20201125","20271101","60231","4050",100000,0.03000,,,"R_RIRITUHENDO01",,,"R_HENSAIHOU2","R_KANKAKU1","R_RIBARAIHOU1","R_RBRKANKAKU1","20201206","20210106",,,,,,,,,,"R_SIKINSITOM357","06","R_ADJHASU2",,20,5001,,,,,,,,,,,,,,,,,,,,,,,,,,,,,,,,"R_RINGISYURUI4","R_SIKINSITO3",,"71",0,,,,,,,,,,,,,,,,,,,,,,,,,,,,,,,,,,,,,,,,,,,,,,,,,,,,,,,,,,"20210106",,,,,,2025/12/15 10:51:20.263,"0010000001  ",2025/12/15 10:51:20.263,"0010000001  "
"25300382","25300320","R_RINGIKAMOKU33","20180730","20271101","10001","4029",10000,0.10000,,,"R_RIRITUHENDO01",,,"R_HENSAIHOU2","","R_RIBARAIHOU2","R_RBRKANKAKU1","20170330","20170330",,,,,,,,,,"R_SIKINSITOM101","01","",,,,,," "," "," ","201703"," ","201703","",,"201703"," ","201703","",,"201703"," ","201703","",,"201703"," ","201703","",,"201703"," ","201703","",,,"R_RINGISYURUI4","R_SIKINSITO1","20180730","71",0,,"20170410","20170405","20170330","","",,," ",,,,,"20170330"," "," "," "," "," ","20170330","20170330","20170330","20170330",," ",,,"20170330"," ","20170330"," ","20170330"," ","20170330","20170330",," ",,,,,,,,,,"20170330","20170330","20170330"," ","","",," ",,," ","20190401","20170330","20170330",,,,2025/12/16 14:26:26.793,"0010000001  ",2025/12/16 14:26:26.793,"0010000001  "
"25300384","25300323","R_RINGIKAMOKU33","20180730","20271101","10001","4029",10000,0.10000,,,"R_RIRITUHENDO01",,,"R_HENSAIHOU2","","R_RIBARAIHOU2","R_RBRKANKAKU1","20170330","20170330",,,,,,,,,,"R_SIKINSITOM101","01","",,,,,," "," "," ","201703"," ","201703","",,"201703"," ","201703","",,"201703"," ","201703","",,"201703"," ","201703","",,"201703"," ","201703","",,,"R_RINGISYURUI4","R_SIKINSITO1","20180730","71",0,,"20170410","20170405","20170330","","",,," ",,,,,"20170330"," "," "," "," "," ","20170330","20170330","20170330","20170330",," ",,,"20170330"," ","20170330"," ","20170330"," ","20170330","20170330",," ",,,,,,,,,,"20170330","20170330","20170330"," ","","",," ",,," ","20190401","20170330","20170330",,,,2025/12/16 15:03:55.443,"9999999999  ",2025/12/16 15:03:55.443,"9999999999  "
"25300396","25300394","R_RINGIKAMOKU32","20251230","20271230",,,1000000,0.10000,,,,,,,,,,,,,,,,,,,,,,,,,,,,,,,,,,,,,,,,,,,,,,,,,,,,,,,,,,,,,,,,,,,,,,,,,,,,,,,,,,,,,,,,,,,,,,,,,,,,,,,,,,,,,,,,,,,,,,,,,,,,,,2025/12/16 17:35:06.820,"0010000001  ",2025/12/16 17:35:06.820,"0010000001  "
"25300397","25300396","R_RINGIKAMOKU32","20251230","20271230",,,1100000,0.10000,,,,,,,,,,,,,,,,,,,,,,,,,,,,,,,,,,,,,,,,,,,,,,,,,,,,,,,,,,,,,,,,,,,,,,,,,,,,,,,,,,,,,,,,,,,,,,,,,,,,,,,,,,,,,,,,,,,,,,,,,,,,,,2025/12/16 18:31:10.730,"0010000001  ",2025/12/16 18:31:10.730,"0010000001  "
"25300505","25300397","R_RINGIKAMOKU32","20260130","20271230",,,1000000,0.10000,,,,,,,,,,,,,,,,,,,,,,,,,,,,,,,,,,,,,,,,,,,,,,,,,,,,,,,,,,,,,,,,,,,,,,,,,,,,,,,,,,,,,,,,,,,,,,,,,,,,,,,,,,,,,,,,,,,,,,,,,,,,,,2026/01/14 16:51:55.093,"0010000001  ",2026/01/14 16:51:55.093,"0010000001  "
"25300510","25300397","R_RINGIKAMOKU32","20260130","20271230",,,1000000,0.10000,,,,,,,,,,,,,,,,,,,,,,,,,,,,,,,,,,,,,,,,,,,,,,,,,,,,,,,,,,,,,,,,,,,,,,,,,,,,,,,,,,,,,,,,,,,,,,,,,,,,,,,,,,,,,,,,,,,,,,,,,,,,,,2026/01/14 19:05:28.967,"0010000001  ",2026/01/14 19:05:28.967,"0010000001  "
"25300513","25300491","R_RINGIKAMOKU33","20270113","20270904","10001","1001",1000000,3.00000,,,"R_RIRITUHENDO01",,0.00000,"R_HENSAIHOU4","R_KANKAKU1","R_RIBARAIHOU1","R_RBRKANKAKU1","20270204","20270204",,,,,-1.80000,-1.80000,,,,"R_SIKINSITOM230","04","R_ADJHASU2",,8,130110,,,,,,,,,,,,,,,,,,,,,,,,,,,,,,,,"R_RINGISYURUI4","R_SIKINSITO2",,"71",0,,,,,,,,,,,,,,,,,,,,,,,,,,,,,,,,,,,,,,,,,,,,,,,,,,,,,,,,,,"20270204",,,,,,2026/01/14 19:31:37.170,"10001       ",2026/01/14 19:31:37.170,"10001       "
"25300517","25300510","R_RINGIKAMOKU32","20260130","20271230",,,1000000,0.10000,,,,,,,,,,,,,,,,,,,,,,,,,,,,,,,,,,,,,,,,,,,,,,,,,,,,,,,,,,,,,,,,,,,,,,,,,,,,,,,,,,,,,,,,,,,,,,,,,,,,,,,,,,,,,,,,,,,,,,,,,,,,,,2026/01/14 20:45:36.657,"0010000001  ",2026/01/14 20:45:36.657,"0010000001  "
"25300523","25300510","R_RINGIKAMOKU32","20260130","20271230",,,1000000,0.10000,,,,,,,,,,,,,,,,,,,,,,,,,,,,,,,,,,,,,,,,,,,,,,,,,,,,,,,,,,,,,,,,,,,,,,,,,,,,,,,,,,,,,,,,,,,,,,,,,,,,,,,,,,,,,,,,,,,,,,,,,,,,,,2026/01/15 18:54:28.110,"0010000001  ",2026/01/15 18:54:28.110,"0010000001  "
"25300528","25300523","R_RINGIKAMOKU32","20260130","20271230",,,1000000,0.10000,,,,,,,,,,,,,,,,,,,,,,,,,,,,,,,,,,,,,,,,,,,,,,,,,,,,,,,,,,,,,,,,,,,,,,,,,,,,,,,,,,,,,,,,,,,,,,,,,,,,,,,,,,,,,,,,,,,,,,,,,,,,,,2026/01/16 15:11:07.190,"0010000001  ",2026/01/16 15:11:07.190,"0010000001  "
"25300669","25300523","R_RINGIKAMOKU32","20260130","20271230",,,1000000,0.10000,,,,,,,,,,,,,,,,,,,,,,,,,,,,,,,,,,,,,,,,,,,,,,,,,,,,,,,,,,,,,,,,,,,,,,,,,,,,,,,,,,,,,,,,,,,,,,,,,,,,,,,,,,,,,,,,,,,,,,,,,,,,,,2026/01/29 10:37:03.993,"0010000001  ",2026/01/29 10:37:03.993,"0010000001  "
